0,0,0,0,0,0,0,0,0,0,0,0,0,0,0,0,0,0,0,0,0,0,0,0,0,0,0,0,0,0,0,0,0,0,0,0,0,0,3,7,15,20,25,9,0,0,0,1,12,18,4,19,27,25,27,28,20,12,16,18,16,11,8,4,2,0,1,0,0,0,0,0,0,0,0,0,0,0,0,0,0,0,0,0,0,0,0,0,0,0,0,0,0,0,0,0,0
0,0,0,0,0,0,0,0,0,0,0,0,0,0,0,0,0,0,0,0,0,0,0,0,0,0,0,0,0,0,0,0,0,0,1,11,26,41,57,54,64,65,42,13,29,33,18,9,7,18,15,66,89,84,87,77,69,60,65,75,73,72,69,55,42,36,35,26,17,5,0,0,0,0,0,0,0,0,0,0,0,0,0,0,0,0,0,0,0,0,0,0,0,0,0,0,0
0,0,0,0,0,0,0,0,0,0,0,0,0,0,0,0,0,0,0,0,0,0,0,0,0,0,0,0,0,0,0,1,11,34,56,74,82,74,78,87,82,31,22,104,167,162,147,132,74,32,7,12,55,94,98,90,85,88,72,82,85,87,90,86,84,84,80,83,76,54,32,13,1,0,0,0,0,0,0,0,0,0,0,0,0,0,0,0,0,0,0,0,0,0,0,0,0
0,0,0,0,0,0,0,0,0,0,0,0,0,0,0,0,0,0,0,0,0,0,0,0,0,0,0,0,0,6,21,46,78,86,87,80,76,84,93,87,24,25,144,190,193,182,193,210,183,144,94,24,1,42,63,81,92,91,87,88,80,85,88,83,84,83,88,91,94,89,83,71,41,7,0,0,0,0,0,0,0,0,0,0,0,0,0,0,0,0,0,0,0,0,0,0,0
0,0,0,0,0,0,0,0,0,0,0,0,0,0,0,0,0,0,0,0,0,0,0,0,0,0,0,5,26,56,82,90,93,96,84,89,95,85,57,19,7,149,210,175,172,168,174,193,191,173,163,119,46,57,31,33,45,62,78,92,85,83,86,84,81,79,85,88,79,71,73,85,73,44,8,0,0,0,0,0,0,0,0,0,0,0,0,0,0,0,0,0,0,0,0,0,0
0,0,0,0,0,0,0,0,0,0,0,0,0,0,0,0,0,0,0,0,0,0,0,0,0,2,24,64,86,81,79,96,93,97,93,86,65,19,3,14,108,231,191,175,167,165,180,178,169,167,176,215,200,162,145,135,98,37,14,67,65,70,61,64,57,40,52,47,29,36,40,39,36,37,15,0,1,0,0,0,0,0,0,0,0,0,0,0,0,0,0,0,0,0,0,0,0
0,0,0,0,0,0,0,0,0,0,0,0,0,0,0,0,0,0,0,0,0,0,0,0,8,51,89,95,95,93,86,96,87,87,71,32,5,0,57,144,216,234,176,169,167,164,179,175,167,175,181,223,225,196,177,176,177,141,49,18,6,11,12,40,54,40,49,48,36,27,12,11,11,9,3,0,9,8,0,0,0,0,0,0,0,0,0,0,0,0,0,0,0,0,0,0,0
0,0,0,0,0,0,0,0,0,0,0,0,0,0,0,0,0,0,0,0,0,0,0,22,64,93,92,95,91,94,99,81,50,25,7,0,0,44,160,205,231,234,170,162,172,160,169,178,167,166,176,223,216,189,176,179,186,192,179,125,99,76,35,9,14,33,65,81,77,60,37,27,29,8,0,0,14,42,16,0,0,0,0,0,0,0,0,0,0,0,0,0,0,0,0,0,0
0,0,0,0,0,0,0,0,0,0,0,0,0,0,0,0,0,0,0,0,0,0,32,83,88,88,84,99,93,87,81,27,2,0,1,4,45,152,188,199,236,230,167,161,163,155,158,174,166,153,177,218,209,185,168,178,182,187,197,200,187,173,160,94,18,1,14,40,70,88,75,75,63,48,38,17,6,28,48,30,0,0,0,0,0,0,0,0,0,0,0,0,0,0,0,0,0
0,0,0,0,0,0,0,0,0,0,0,0,0,0,0,0,0,0,0,0,1,33,87,93,91,88,77,93,82,45,14,0,2,5,31,125,174,191,191,203,227,214,172,160,167,165,157,176,164,157,184,210,196,182,177,173,169,192,197,200,187,181,187,167,118,69,41,8,10,41,65,87,85,80,90,102,74,22,36,61,27,2,0,0,0,0,0,0,0,0,0,0,0,0,0,0,0
0,0,0,0,0,0,0,0,0,0,0,0,0,0,0,0,0,0,0,0,33,73,76,81,85,88,80,70,27,0,4,14,25,75,134,195,191,194,180,206,232,205,167,162,166,163,147,159,166,164,196,208,189,191,179,177,178,198,193,194,193,195,197,168,157,151,127,60,11,0,11,42,76,82,86,111,134,77,56,74,51,31,8,0,0,0,0,0,0,0,0,0,0,0,0,0,0
0,0,0,0,0,0,0,0,0,0,0,0,0,0,0,0,0,0,0,17,54,55,71,88,96,76,33,6,4,33,83,102,84,137,179,186,190,186,179,194,227,204,162,157,166,157,150,164,175,171,198,205,188,185,179,174,175,190,195,196,191,201,201,177,160,149,145,107,25,0,1,1,20,51,73,84,103,135,166,130,59,41,36,2,0,0,0,0,0,0,0,0,0,0,0,0,0
0,0,0,0,0,0,0,0,0,0,0,0,0,0,0,0,0,1,1,12,37,78,102,86,52,18,0,18,84,140,170,160,131,166,173,178,193,184,180,182,222,225,177,162,170,164,157,188,186,187,209,193,181,184,178,161,171,187,190,188,200,204,186,156,138,136,137,116,42,0,0,0,0,5,32,57,56,113,199,168,73,29,39,27,1,0,0,0,0,0,0,0,0,0,0,0,0
0,0,0,0,0,0,0,0,0,0,0,0,0,0,0,0,4,20,9,37,85,97,70,24,2,0,12,109,178,196,191,178,164,178,172,184,181,185,178,173,202,233,206,179,174,184,191,209,215,214,199,182,180,180,172,167,168,178,186,181,199,202,173,133,112,108,67,75,86,5,0,0,0,0,1,14,28,75,165,193,130,95,38,40,23,0,0,0,0,0,0,0,0,0,0,0,0
0,0,0,0,0,0,0,0,0,0,0,0,0,0,0,9,46,43,52,83,78,32,3,0,0,0,87,192,201,201,184,181,172,174,177,182,187,180,183,181,188,210,218,214,200,211,221,230,218,196,191,181,188,184,174,167,166,181,170,179,199,193,168,126,77,53,15,11,45,6,0,0,7,11,0,0,6,35,113,147,158,130,74,24,43,17,0,0,0,0,0,0,0,0,0,0,0
0,0,0,0,0,0,0,0,0,0,0,0,0,0,11,57,69,70,88,55,10,0,0,1,0,59,174,192,191,189,179,179,158,181,182,179,200,186,185,190,183,187,190,206,227,234,233,219,197,188,199,197,192,192,174,157,155,163,160,153,138,163,151,98,86,71,37,5,5,0,0,13,25,24,11,12,0,5,49,103,134,130,103,45,35,49,9,0,0,0,0,0,0,0,0,0,0
0,0,0,0,0,0,0,0,0,0,0,0,0,10,62,69,72,86,48,5,0,0,1,0,46,161,195,199,193,184,180,181,141,165,192,186,198,196,191,181,191,194,203,207,213,215,206,196,195,205,206,196,180,186,181,161,141,127,99,43,20,35,76,53,70,92,63,16,0,1,1,13,6,4,25,56,37,2,4,50,108,138,139,89,75,75,39,0,0,0,0,0,0,0,0,0,0
0,0,0,0,0,0,0,0,0,0,0,0,9,58,75,67,80,51,4,0,0,0,2,22,133,199,195,200,192,192,185,183,131,153,197,188,198,191,202,188,184,198,211,209,195,193,197,200,200,197,195,193,168,180,176,162,105,58,33,3,0,47,55,2,71,133,91,41,0,1,4,11,14,24,17,13,39,33,10,5,61,125,160,142,151,145,77,24,0,0,0,0,0,0,0,0,0
0,0,0,0,0,0,0,0,0,0,0,2,57,78,62,88,65,9,0,1,0,6,80,151,186,192,202,200,195,194,184,186,108,119,188,197,194,191,212,198,192,198,211,195,192,199,211,207,184,193,185,185,175,178,161,104,21,0,68,58,0,88,40,0,89,139,128,68,1,2,11,5,18,14,5,2,13,29,39,5,13,78,134,153,171,223,150,60,6,0,0,0,0,0,0,0,0
0,0,0,0,0,0,0,0,0,0,1,39,81,77,82,75,21,0,0,3,31,97,181,199,200,194,193,195,188,183,191,180,76,100,180,191,199,192,205,211,211,194,192,191,200,206,207,201,188,185,181,190,178,160,119,49,4,0,49,72,0,39,10,0,12,87,147,89,9,0,17,14,10,4,7,6,22,30,41,33,0,21,91,140,156,162,156,114,37,0,1,0,0,0,0,0,0
0,0,0,0,0,0,0,0,0,0,29,70,57,83,97,42,0,0,4,68,161,203,191,193,206,195,187,197,198,186,195,177,77,109,182,193,199,189,188,199,202,185,185,190,190,200,190,198,201,187,187,169,160,143,84,47,17,0,3,7,0,1,1,0,16,112,138,80,6,0,22,27,13,21,17,3,25,44,31,29,10,0,42,103,137,95,75,131,77,7,0,1,0,0,0,0,0
0,0,0,0,0,0,0,0,0,19,64,55,61,88,68,8,0,3,94,177,193,194,190,192,203,203,203,210,199,189,198,153,86,114,167,197,196,192,198,189,187,192,188,183,182,187,183,190,188,193,195,158,137,107,57,103,72,0,1,0,0,0,0,0,4,22,74,73,10,0,6,24,20,13,8,11,28,63,39,39,24,0,5,44,120,132,69,94,103,30,0,1,0,0,0,0,0
0,0,0,0,0,0,0,0,5,59,53,43,85,79,22,0,0,79,189,206,195,191,195,192,193,197,208,212,203,184,196,137,44,88,157,204,195,185,200,203,181,192,183,191,185,193,194,187,180,187,183,162,126,70,20,58,105,12,0,1,0,0,0,1,0,33,110,77,36,9,0,23,22,17,27,26,40,59,50,66,26,0,0,6,65,98,79,73,97,56,2,0,0,0,0,0,0
0,0,0,0,0,0,0,0,42,63,30,70,87,46,1,0,69,175,192,196,194,195,193,197,203,191,210,198,188,187,180,123,24,55,132,211,201,185,197,207,186,189,200,193,192,195,189,188,195,177,164,136,79,49,65,32,15,6,0,0,0,0,0,0,0,99,158,108,36,11,0,6,23,27,38,51,63,84,83,75,15,0,29,10,12,52,94,85,67,77,16,0,0,0,0,0,0
0,0,0,0,0,0,0,27,68,39,46,74,61,9,0,66,176,199,194,188,188,201,199,189,192,192,186,189,183,180,178,107,12,19,104,189,187,188,204,185,181,182,192,194,187,205,196,186,179,156,141,108,49,29,86,149,83,9,0,1,0,0,0,0,0,67,140,115,30,3,1,1,7,20,48,70,94,101,87,40,0,3,72,35,0,27,108,147,54,87,39,0,0,0,0,0,0
0,0,0,0,0,0,11,59,55,52,82,69,22,0,34,161,197,195,199,194,188,201,201,204,202,185,186,188,194,186,191,98,0,0,67,169,191,184,196,186,193,191,187,184,180,181,177,172,161,146,130,93,40,10,62,175,225,126,12,1,0,0,1,0,22,134,142,107,36,0,1,0,14,33,31,49,88,92,35,2,0,0,10,6,0,9,102,220,102,60,56,2,0,0,0,0,0
0,0,0,0,0,0,35,67,66,80,89,51,0,12,125,200,197,199,190,192,192,197,199,207,194,186,189,185,187,187,187,129,15,0,60,168,192,194,186,182,195,178,191,193,181,170,158,159,160,132,102,61,26,7,33,104,174,171,110,19,0,0,1,0,28,125,132,99,25,0,1,0,2,17,26,37,53,27,0,0,0,0,0,0,1,0,77,243,183,57,63,15,0,0,0,0,0
0,0,0,0,0,10,55,78,89,92,83,25,0,89,190,194,191,206,203,188,199,189,191,186,185,188,183,189,200,197,195,166,55,0,45,161,189,186,193,193,195,179,191,185,172,168,147,165,160,95,73,24,0,7,24,62,122,135,114,25,0,0,11,67,86,80,107,89,17,0,0,0,0,2,13,18,16,3,0,0,0,0,0,0,2,0,44,224,255,134,62,38,0,1,0,0,0
0,0,0,0,0,38,73,88,93,102,73,3,32,168,202,199,199,204,201,193,193,191,200,191,180,188,187,189,191,214,205,186,120,7,13,132,186,186,194,188,179,183,192,161,162,154,133,139,132,61,54,19,0,1,12,29,53,102,92,27,0,1,58,159,175,119,107,69,22,0,0,0,0,0,1,0,0,0,0,0,0,0,0,0,1,0,14,189,255,188,80,59,5,0,0,0,0
0,0,0,0,7,53,75,91,104,99,44,7,118,198,198,204,204,212,192,186,165,175,191,187,197,186,190,180,184,189,200,188,174,48,0,85,196,192,183,177,171,175,181,160,157,144,112,104,68,22,41,33,1,0,0,0,11,60,63,23,0,17,96,133,123,114,95,50,14,0,0,0,0,0,0,0,0,0,0,0,0,0,0,0,0,1,0,134,255,237,134,65,18,0,1,0,0
0,0,1,0,21,69,74,90,111,99,16,67,180,198,196,196,188,195,185,169,146,147,162,178,193,189,197,197,202,196,198,187,188,84,0,55,196,185,165,179,175,166,177,168,153,133,112,68,31,9,5,7,1,2,1,0,2,21,40,20,2,44,120,135,118,115,58,17,5,0,0,0,0,0,0,0,0,0,0,0,0,0,0,0,0,1,0,66,238,255,218,100,32,0,0,0,0
0,0,0,0,44,79,84,108,110,54,8,130,193,189,194,198,202,190,176,154,128,120,134,155,185,188,183,205,203,191,195,193,196,92,0,25,154,182,170,163,162,153,152,146,145,133,95,40,37,48,42,11,0,0,0,0,0,0,4,6,4,50,116,126,100,86,25,0,7,3,0,0,0,0,0,0,0,0,0,0,0,0,0,0,0,1,0,5,164,251,240,154,49,6,0,0,0
0,0,0,8,62,73,92,122,106,23,42,184,201,201,198,197,207,201,184,166,131,110,111,138,179,191,187,203,203,187,194,190,190,81,0,1,104,178,159,161,160,163,139,115,125,105,89,84,101,109,94,71,56,17,0,1,0,18,34,1,0,37,85,86,65,50,9,0,22,15,0,0,0,0,0,0,0,0,0,1,8,30,39,18,0,0,5,0,60,204,209,207,74,10,0,0,0
0,0,0,25,69,69,115,130,80,6,99,202,207,200,201,196,215,201,193,179,153,118,95,109,140,183,204,197,201,187,191,171,166,55,0,2,58,143,145,145,146,155,134,68,65,82,103,134,169,144,141,157,153,108,32,0,0,22,46,2,0,21,45,46,23,20,3,0,13,13,0,0,0,0,0,0,1,22,38,36,37,41,39,50,4,0,5,2,0,129,199,222,111,20,1,0,0
0,0,0,48,70,76,127,126,54,18,153,192,183,200,201,195,211,195,202,180,155,132,114,92,101,151,185,193,186,178,163,141,94,12,40,42,20,86,139,136,115,84,80,17,17,89,108,103,168,175,164,174,173,178,132,31,4,2,1,0,0,6,11,6,1,3,0,0,3,3,0,0,0,0,0,0,27,38,47,63,22,0,0,14,5,0,0,2,0,42,192,236,153,38,3,0,0
0,0,3,57,79,131,147,106,17,45,188,204,195,200,203,191,192,198,208,184,155,140,126,93,56,60,116,164,163,168,143,77,22,10,63,60,16,32,68,72,87,70,30,13,47,144,148,122,159,198,201,184,189,196,165,132,95,22,0,1,0,3,7,1,0,1,1,0,0,1,0,0,0,0,0,19,66,19,4,50,31,0,0,1,0,0,0,0,1,0,151,255,189,60,5,0,0
0,0,14,62,93,155,142,74,0,85,197,191,206,203,204,205,193,199,199,192,172,146,139,95,43,7,18,69,98,122,80,10,0,52,174,141,40,19,17,36,51,68,52,54,76,94,102,138,198,219,219,214,215,196,163,193,185,84,4,0,1,0,9,3,0,7,8,0,0,0,0,0,0,0,0,28,56,11,6,13,34,35,2,14,4,0,19,34,21,0,73,254,220,76,14,0,0
1,0,28,85,115,161,131,37,1,133,207,203,207,208,208,199,194,204,203,191,193,159,147,100,42,17,5,2,9,27,11,9,0,106,244,159,28,24,43,104,125,98,73,65,55,32,44,133,199,202,203,207,203,197,191,201,211,167,55,0,1,0,1,0,2,3,2,0,0,0,0,0,0,0,0,23,47,8,2,0,21,63,28,26,2,1,54,111,107,20,16,209,245,109,31,0,1
1,0,40,88,124,168,98,1,31,173,208,206,207,203,196,195,200,201,196,196,197,179,153,130,91,67,20,14,16,13,31,26,8,133,199,86,26,50,88,145,155,141,117,72,48,48,63,132,162,141,169,178,181,186,195,203,197,193,131,20,4,3,0,0,1,0,0,0,0,0,0,0,0,0,0,16,44,16,6,5,27,45,51,28,0,15,110,162,172,74,0,137,245,127,43,0,0
0,0,50,96,126,124,36,0,73,188,197,203,207,214,209,194,198,207,202,205,193,183,179,164,160,119,42,30,42,51,63,59,60,107,113,57,39,42,96,121,131,147,156,128,66,38,40,68,84,69,92,145,169,165,158,168,184,196,177,99,56,23,0,1,0,3,1,0,0,0,0,0,0,0,5,12,63,39,6,5,15,17,58,21,0,24,140,179,196,125,0,54,155,97,46,3,0
0,2,60,99,118,79,6,0,113,202,198,202,213,220,211,204,193,202,213,190,199,186,182,192,186,155,104,33,23,65,59,64,94,130,155,147,103,85,120,116,113,136,161,159,132,79,24,66,101,76,43,72,141,152,138,132,153,167,179,149,110,47,18,39,32,49,29,1,0,0,0,0,0,0,20,16,46,47,11,5,15,42,56,7,0,32,153,185,188,144,12,8,62,77,69,13,0
0,8,73,104,108,45,0,20,157,212,195,200,205,210,201,201,206,199,205,190,193,197,193,203,186,179,152,39,11,30,34,121,204,217,232,195,136,113,120,119,117,110,116,143,163,154,81,122,141,89,40,23,69,74,113,129,144,153,155,150,141,76,67,120,104,92,94,20,0,1,0,0,8,2,5,2,18,40,27,23,51,67,37,0,0,54,179,180,186,168,26,1,46,63,76,27,0
0,16,67,98,90,20,0,67,202,211,200,211,210,205,196,206,226,205,212,208,193,200,193,194,183,179,155,53,42,29,75,192,244,240,237,193,165,125,111,112,109,106,68,92,149,188,155,142,96,33,9,9,31,21,41,87,156,171,178,135,117,88,80,141,139,107,106,34,0,1,0,5,33,6,0,0,7,54,43,36,70,58,8,0,0,82,181,177,194,188,49,0,47,55,72,34,0
0,23,67,97,72,5,0,98,209,207,207,202,208,204,204,203,208,203,210,210,191,195,193,190,193,193,139,55,64,60,130,227,245,244,234,206,170,125,120,116,116,120,75,84,120,146,173,158,97,17,0,0,62,88,32,10,92,193,230,177,100,57,63,141,165,150,121,58,18,5,2,3,16,2,0,0,2,30,41,53,80,29,0,0,3,119,197,187,180,188,72,0,44,58,65,44,2
0,35,80,93,49,0,5,133,208,200,211,223,216,201,216,214,216,202,209,197,187,194,194,195,185,162,84,61,61,68,143,204,242,241,229,188,163,122,120,112,116,125,105,86,66,34,120,159,107,20,0,0,25,69,47,1,10,139,228,215,151,56,74,118,159,163,150,96,70,73,44,5,0,0,0,0,0,2,22,41,41,5,0,0,36,160,191,180,177,189,103,0,38,67,62,48,5
0,44,83,83,33,0,34,175,203,198,207,216,218,200,207,214,208,201,199,201,192,206,200,198,191,115,77,85,46,60,128,179,213,188,162,141,135,116,84,76,135,139,94,39,33,9,70,157,142,55,0,0,0,5,17,3,0,70,184,208,181,118,54,94,162,159,165,135,114,123,86,21,0,0,1,1,0,0,1,1,0,1,0,0,94,178,181,186,180,187,117,0,31,64,60,56,9
5,59,86,87,27,0,77,211,203,201,201,202,211,218,211,201,197,202,203,200,207,203,196,208,163,101,143,132,85,59,79,116,125,129,134,123,105,105,93,82,132,138,112,82,58,37,51,128,161,100,12,0,0,0,0,1,0,20,100,173,209,169,70,87,160,160,156,155,150,154,132,69,18,1,1,1,0,0,0,0,0,1,0,14,138,176,183,188,181,197,146,5,19,64,63,53,9
11,70,80,74,17,0,112,209,209,218,209,208,209,221,206,197,202,199,202,192,192,195,195,187,125,142,178,159,141,117,98,117,142,148,142,123,119,133,102,87,127,131,141,138,78,48,42,78,140,131,53,0,0,0,0,0,0,1,16,71,150,178,145,69,110,157,151,168,178,186,174,144,90,19,0,0,0,0,1,1,0,1,0,35,159,181,187,183,183,191,149,11,20,66,66,57,13
19,66,77,80,13,0,142,216,200,216,211,203,212,224,220,206,212,198,198,193,184,196,193,159,141,174,183,167,168,175,176,185,174,161,149,137,133,123,75,45,73,95,119,140,94,36,33,31,96,132,107,20,0,1,0,0,0,0,10,2,37,115,167,94,24,114,158,164,187,188,169,170,141,97,21,0,1,0,2,5,0,2,0,62,167,190,190,188,191,199,164,24,20,75,70,53,17
23,67,70,71,6,17,178,222,211,209,208,209,212,205,206,218,214,206,196,196,194,182,165,165,182,192,187,187,192,199,190,195,197,194,148,122,103,67,26,9,25,68,99,116,82,27,14,12,60,137,143,66,0,0,0,0,0,0,17,7,0,12,95,110,33,33,137,157,158,176,175,180,171,129,66,16,4,0,0,1,0,1,0,98,183,183,183,181,191,194,178,43,13,68,77,58,21
33,78,70,69,0,44,199,210,200,199,205,205,206,203,210,213,205,210,205,202,197,189,189,189,205,185,178,195,199,194,195,198,203,188,130,62,80,92,66,31,8,37,67,73,36,9,6,5,25,112,161,117,19,0,1,4,6,2,3,1,0,0,17,64,52,11,48,114,128,144,151,167,168,162,116,47,21,0,1,0,1,0,6,117,183,175,180,186,179,190,194,59,23,86,85,65,20
43,96,81,70,0,58,197,205,206,210,211,204,212,217,212,202,205,204,200,190,197,193,198,210,194,186,181,195,194,188,185,182,190,174,88,100,171,170,162,146,83,27,21,22,8,6,9,0,3,87,181,173,77,2,0,5,15,3,0,0,0,0,0,18,60,51,20,40,73,121,143,171,203,194,112,51,12,1,5,1,1,0,36,147,177,182,176,181,194,195,206,88,47,92,80,60,20
39,100,95,66,0,76,205,219,206,200,201,207,205,207,201,181,191,199,192,200,203,199,201,197,182,194,197,201,188,199,196,181,171,130,111,188,210,192,178,198,184,98,21,2,2,6,6,2,0,80,208,207,118,6,0,2,4,0,0,0,0,0,0,0,35,77,57,15,6,70,133,156,185,194,135,51,0,5,7,0,1,0,67,166,190,194,201,206,191,197,212,115,103,112,71,65,19
43,105,114,65,0,98,200,200,204,195,190,193,196,196,188,193,194,195,195,204,199,197,187,185,185,183,195,209,189,192,193,177,132,95,166,208,203,183,172,192,215,163,54,0,7,15,2,5,7,82,188,198,101,1,0,12,4,0,0,0,0,0,2,3,7,46,78,58,7,23,93,127,165,155,107,62,0,3,6,0,0,0,81,165,168,177,188,185,178,193,213,134,166,159,72,67,17
43,93,141,78,0,91,205,204,193,192,191,190,203,195,186,197,202,199,205,198,188,191,193,198,189,190,192,195,195,189,172,156,92,101,186,216,200,188,178,190,234,205,69,0,28,29,9,27,54,108,172,188,72,1,7,26,60,50,14,0,7,15,17,17,0,1,34,73,35,30,29,38,84,95,83,70,14,3,1,0,2,0,58,147,170,175,177,182,190,199,203,136,183,185,66,51,8
48,95,188,102,0,105,210,212,211,201,194,190,193,201,205,205,199,197,207,198,191,194,189,198,182,184,191,183,182,173,153,104,49,117,199,226,202,183,193,199,231,210,57,0,27,22,54,100,123,134,195,205,84,2,9,12,92,143,89,26,31,46,28,10,0,0,4,42,45,35,51,41,41,82,113,90,70,76,34,6,6,0,52,158,187,185,183,192,190,181,201,142,184,198,59,53,6
57,108,220,122,0,136,203,196,192,193,192,199,202,203,206,209,196,192,200,185,173,176,176,171,168,182,184,172,164,150,111,45,35,128,200,224,202,180,175,199,211,180,51,11,15,41,100,151,179,188,212,204,74,0,18,6,46,121,133,75,74,65,28,1,0,0,0,2,12,41,65,73,117,138,149,138,170,194,123,37,0,0,61,170,173,175,181,180,178,189,190,143,205,216,76,46,3
64,107,222,136,25,170,199,190,182,199,203,213,209,196,181,194,199,188,174,170,168,150,140,149,162,164,166,157,153,114,48,11,15,106,207,232,221,187,177,209,206,167,99,29,20,91,144,209,224,230,235,211,82,0,22,25,10,79,128,112,62,21,9,0,0,0,0,0,0,8,28,41,99,151,183,174,189,169,96,21,0,0,70,172,174,173,169,174,183,186,173,169,238,217,70,40,3
41,86,220,150,42,177,191,186,185,194,191,194,204,193,195,201,196,175,152,146,130,109,107,113,124,113,120,118,85,47,13,5,0,52,191,241,232,213,195,223,224,145,106,39,68,105,174,241,244,239,242,241,135,0,27,65,8,56,104,87,24,0,1,1,0,0,0,0,0,4,6,6,35,94,161,153,128,133,119,63,4,0,93,184,181,176,175,174,164,161,152,169,248,213,62,35,1
43,82,211,170,45,168,191,184,191,195,187,185,188,195,196,194,179,144,133,100,62,63,59,63,56,60,78,67,50,28,9,5,2,24,160,227,223,222,209,220,179,89,65,67,104,80,177,242,234,230,244,247,178,17,14,75,10,14,37,46,26,2,7,12,18,19,2,0,0,14,28,4,0,13,88,131,121,154,154,82,2,4,116,182,176,177,179,175,176,164,135,142,251,216,61,29,0
35,73,204,191,50,168,176,176,194,193,186,195,188,197,199,183,160,116,90,46,21,19,22,16,17,38,43,37,36,15,2,2,15,53,124,190,217,210,203,167,69,45,57,101,112,49,163,241,236,241,243,238,178,26,14,70,10,0,19,51,51,45,40,73,109,117,73,14,0,2,29,32,6,0,36,97,94,140,162,71,0,12,126,174,176,174,172,170,170,165,139,143,250,217,68,26,0
29,57,188,215,62,160,177,177,193,182,187,198,193,191,198,187,139,80,41,6,7,6,10,4,2,7,10,7,5,0,1,0,9,88,106,76,106,105,72,46,61,63,95,116,93,24,165,248,243,239,234,235,155,31,23,68,9,0,7,71,125,130,131,166,210,211,195,128,34,0,3,28,54,28,9,24,26,120,155,45,0,11,126,184,190,185,176,169,169,169,138,139,250,218,70,22,0
25,51,173,230,80,157,190,172,177,176,175,181,186,191,191,183,119,45,14,2,1,0,1,0,2,3,0,0,0,0,0,0,0,25,27,0,3,3,1,51,99,115,120,113,67,7,154,241,236,231,240,218,127,43,15,51,12,0,13,126,198,210,217,240,251,245,243,234,160,33,0,3,35,37,9,0,7,124,147,29,0,21,148,196,186,176,182,177,177,167,136,133,251,214,64,15,0
18,36,154,239,100,154,185,175,174,184,188,183,186,186,184,164,95,34,11,3,0,0,0,0,2,10,8,5,0,0,0,0,0,0,0,0,0,0,2,57,121,129,118,108,43,1,68,166,210,219,212,146,83,57,8,9,4,0,52,199,249,252,251,252,254,254,254,253,251,142,3,0,3,3,1,0,0,103,151,29,0,93,186,187,175,173,177,174,187,185,147,144,254,210,57,8,0
11,33,142,247,105,126,176,172,172,187,189,187,187,197,182,137,64,11,5,1,0,0,0,15,50,81,87,78,44,5,0,0,0,0,14,31,21,1,0,36,97,114,110,66,13,36,99,165,192,189,163,90,46,50,10,0,2,0,101,248,255,253,254,254,254,254,255,253,255,225,65,0,8,18,7,0,0,90,129,9,22,128,178,181,177,177,180,177,176,192,161,157,255,198,50,4,0
10,39,140,255,102,100,178,175,179,184,179,172,181,192,177,129,39,0,2,0,0,0,20,91,145,174,184,190,149,34,0,2,4,68,164,197,183,78,0,15,69,91,71,35,124,215,248,251,247,243,230,153,42,30,8,0,2,0,132,255,254,254,254,254,254,254,255,255,254,255,176,19,16,50,12,0,1,80,83,0,69,155,172,181,181,185,177,175,182,192,160,177,255,172,29,0,0
5,29,131,255,111,86,178,175,176,182,177,175,180,179,174,122,32,0,1,0,0,36,97,173,223,232,242,250,224,75,0,51,129,217,255,253,255,217,43,0,94,70,33,171,255,255,255,255,255,255,255,255,153,12,0,1,2,0,151,255,252,254,254,252,253,254,254,255,253,255,233,58,27,74,23,0,1,39,18,38,163,181,175,186,187,178,176,187,193,207,162,186,255,123,4,0,0
1,17,113,255,128,56,167,174,176,179,169,178,188,183,174,102,26,0,1,0,27,125,184,233,249,255,254,255,246,74,59,215,247,253,254,253,255,255,101,0,67,52,132,255,254,253,255,254,254,254,254,255,251,133,8,0,2,0,148,255,253,254,253,248,249,252,254,255,253,255,233,93,47,101,40,3,0,0,40,134,184,180,171,174,169,182,179,196,209,200,133,186,217,45,0,1,0
0,2,94,255,151,20,147,174,164,182,184,179,182,190,162,65,7,0,0,11,106,215,242,253,254,255,254,255,245,109,164,255,254,254,255,255,255,255,115,0,54,103,230,255,253,255,254,254,254,254,253,253,255,246,87,0,5,0,118,255,254,253,252,251,251,251,247,253,254,254,242,131,69,111,66,10,0,15,137,183,179,188,173,179,182,183,193,184,203,188,120,195,128,0,1,0,0
1,0,78,255,180,7,100,180,183,182,176,180,179,196,151,55,5,0,0,63,204,255,254,254,254,254,254,255,248,191,228,255,253,255,254,254,254,255,108,0,68,180,255,254,254,254,254,253,252,252,252,254,252,255,190,19,0,0,77,248,255,254,249,245,254,253,229,234,255,253,253,187,116,118,78,16,0,69,194,188,182,175,178,176,177,181,184,188,204,170,111,156,56,0,1,0,0
1,0,71,239,214,23,31,147,187,183,179,174,181,200,151,56,2,0,7,137,251,254,254,255,255,255,255,255,254,250,254,255,255,255,255,254,255,253,91,0,84,223,255,253,254,252,252,251,250,246,250,253,253,254,251,94,0,0,33,222,255,253,251,241,251,255,248,233,245,255,255,239,209,155,74,12,0,121,199,189,194,182,181,184,186,179,177,198,204,141,101,81,4,0,0,0,0
1,0,34,192,249,62,0,84,164,181,174,177,183,196,156,39,0,0,38,194,255,254,255,255,255,255,255,255,255,254,253,255,255,254,254,253,255,249,77,0,115,249,255,255,254,251,252,247,246,243,245,251,253,252,255,141,0,0,4,177,255,253,254,249,247,253,255,254,239,248,255,254,253,208,93,10,7,136,206,195,183,186,191,185,182,191,194,188,179,115,78,17,0,0,0,0,0
0,0,6,124,255,115,0,24,95,164,179,189,192,208,142,18,0,0,70,233,255,254,255,254,255,255,255,255,255,252,248,254,255,250,251,253,255,244,67,0,146,255,254,255,253,251,253,252,252,251,248,250,253,252,255,172,6,0,0,117,255,254,255,248,237,243,249,248,219,243,255,253,255,222,113,10,12,129,209,200,197,185,184,184,188,192,195,197,153,94,44,0,0,0,0,0,0
0,1,0,44,206,169,5,0,38,135,200,198,190,193,101,4,1,0,85,241,255,254,255,253,254,255,255,254,255,251,248,253,249,247,244,254,255,237,52,0,163,255,253,255,253,252,254,255,255,253,251,251,253,251,255,213,35,0,0,46,225,255,253,253,232,216,225,212,203,249,255,252,255,225,89,5,10,118,204,195,205,198,187,185,186,183,193,177,96,74,15,0,0,0,0,0,0
0,1,0,7,112,182,43,0,3,61,163,190,197,173,46,0,1,2,143,255,254,255,255,254,254,254,254,253,240,237,237,224,241,247,240,254,255,234,47,0,150,255,254,255,252,248,253,254,255,254,253,253,251,250,255,235,61,0,0,3,160,255,252,255,244,225,229,219,225,254,255,253,255,239,96,2,3,86,188,194,200,201,196,188,191,192,194,133,70,63,1,0,0,0,0,0,0
0,0,0,8,33,130,105,0,1,5,73,151,173,129,18,0,0,41,215,255,254,255,255,255,254,254,254,235,144,157,216,170,243,245,244,255,255,225,35,0,111,252,255,254,248,251,254,254,254,255,254,255,253,252,255,244,74,0,3,0,63,235,255,253,255,246,243,247,246,254,255,252,253,254,143,13,0,57,180,204,204,206,201,199,187,182,174,75,70,41,0,1,0,0,0,0,0
0,0,0,2,8,63,131,22,0,0,17,98,144,99,9,1,0,92,248,255,254,254,254,253,253,255,247,188,55,46,173,189,249,244,253,254,255,207,18,3,91,239,255,253,248,252,254,254,255,254,254,255,254,253,255,247,77,0,2,0,0,145,255,253,254,254,254,254,253,255,255,254,254,255,178,31,0,60,163,206,201,207,203,194,178,166,114,48,61,10,0,1,0,0,0,0,0
0,0,0,0,12,37,103,65,0,2,0,33,86,72,10,0,0,130,255,253,254,254,254,253,250,255,209,118,149,144,211,239,244,249,255,254,255,176,0,10,89,226,255,254,250,253,254,255,255,255,254,254,255,253,255,186,54,34,3,1,0,44,205,255,254,255,255,255,254,255,255,254,254,255,183,35,2,82,156,193,201,208,202,186,175,132,53,65,32,0,1,0,0,0,0,0,0
0,0,0,0,3,36,69,90,14,0,1,1,36,50,11,0,2,152,255,253,254,254,255,254,249,255,202,142,247,255,254,253,249,253,255,254,255,126,0,24,85,192,255,252,254,255,255,255,253,252,255,255,254,255,244,78,33,48,16,0,1,0,55,211,255,254,255,255,255,255,255,254,253,255,179,20,0,66,150,194,210,219,206,181,161,79,66,69,1,0,0,0,0,0,0,0,0
0,0,0,1,0,27,63,74,56,0,0,0,9,20,4,0,0,151,255,253,254,254,254,254,254,244,203,226,230,237,251,246,252,254,253,255,248,76,0,34,83,143,246,255,253,255,255,222,159,145,182,237,253,255,186,28,9,9,33,21,2,1,0,57,200,255,254,255,255,255,255,254,255,255,113,0,0,49,133,184,208,214,195,173,144,101,97,45,0,0,0,0,0,0,0,0,0
0,0,0,0,0,8,57,50,79,40,0,0,0,0,1,0,4,166,255,252,254,255,254,254,255,247,242,253,224,228,246,251,253,254,252,255,208,27,1,56,76,107,210,255,253,255,192,85,54,43,52,125,223,248,156,24,53,57,64,73,47,10,1,0,37,146,220,243,252,249,239,245,236,151,19,0,0,43,124,171,206,199,183,197,192,168,74,25,0,0,0,0,0,0,0,0,0
0,0,0,0,0,0,29,52,53,96,24,0,1,0,1,0,6,172,255,252,255,255,254,254,255,251,251,253,243,247,253,255,254,253,255,245,115,0,10,38,36,82,178,253,248,195,85,25,32,48,43,83,211,252,206,45,73,98,42,74,76,54,32,2,0,6,41,74,103,108,82,88,56,11,0,1,0,24,101,175,207,183,211,240,235,103,24,8,0,0,0,0,0,0,0,0,0
0,0,0,0,0,0,2,48,53,80,87,10,0,1,1,0,4,167,255,252,254,255,255,254,255,253,253,255,254,254,255,255,254,254,247,152,18,6,68,52,63,138,142,243,241,108,51,43,34,44,52,93,220,255,255,134,41,120,131,120,141,131,104,42,2,0,0,0,0,0,0,0,0,0,0,0,0,3,41,123,178,216,240,254,162,20,3,0,0,0,0,0,0,0,0,0,0
0,0,0,0,0,1,0,22,64,60,105,71,7,0,1,2,0,125,255,254,255,255,254,255,255,255,254,254,255,255,255,255,254,255,193,47,0,53,115,107,147,185,161,246,255,171,67,53,50,46,62,102,213,255,255,167,58,121,196,217,199,241,222,170,77,11,0,0,0,0,0,0,0,0,0,0,0,0,3,31,140,244,255,222,60,1,1,0,0,1,0,0,0,0,0,0,0
0,0,0,0,0,0,0,0,55,78,80,108,59,0,0,2,0,46,204,254,255,255,255,255,254,254,255,254,255,255,254,254,255,232,91,0,23,109,146,134,138,110,159,255,255,235,115,67,72,56,59,171,248,254,255,193,60,62,88,146,187,239,254,255,235,180,73,4,0,0,0,0,0,0,0,0,0,2,0,56,219,255,251,112,5,4,0,0,1,2,0,0,0,0,0,0,0
0,0,0,0,0,0,1,0,25,80,72,92,113,47,0,1,0,0,44,106,186,252,255,255,255,254,255,254,254,255,255,255,237,132,12,0,61,143,172,167,147,65,129,255,254,253,229,164,61,23,126,252,255,252,255,198,80,39,8,39,86,93,166,194,228,255,243,146,24,0,2,0,0,0,1,12,10,0,42,203,255,255,178,17,0,1,0,2,6,0,0,0,0,0,0,0,0
0,0,0,0,0,0,0,0,1,56,92,71,89,149,100,13,0,0,1,0,25,141,222,244,255,255,255,255,255,252,232,186,91,12,5,54,102,191,243,223,155,38,121,255,253,254,255,255,165,81,220,255,253,253,255,184,87,73,16,64,50,10,27,19,54,147,185,203,164,88,63,18,4,0,14,58,33,43,192,255,255,210,62,0,1,0,0,4,1,0,0,0,0,0,0,0,0
0,0,0,0,0,0,0,0,0,19,86,81,60,90,210,188,84,9,0,1,0,10,41,80,125,159,168,181,159,129,73,25,4,0,65,185,230,252,255,222,123,70,161,255,253,254,254,255,251,241,254,255,254,255,211,123,114,112,58,78,68,39,8,0,0,3,9,25,81,96,88,63,40,33,43,41,88,203,255,255,209,78,8,0,0,0,2,2,0,0,0,0,0,0,0,0,0
0,0,0,0,0,0,0,0,0,0,45,85,67,44,102,242,248,159,34,0,1,0,0,0,0,6,15,14,6,2,0,0,33,120,221,255,255,250,199,106,90,111,183,254,255,255,255,255,255,255,254,253,196,146,63,27,166,151,34,85,99,97,48,2,0,0,0,0,0,24,67,50,46,55,67,136,235,255,245,184,73,8,0,0,0,1,2,0,0,0,0,0,0,0,0,0,0
1,0,0,0,0,0,0,0,0,0,8,62,72,54,39,152,255,255,205,75,1,0,0,0,0,28,82,34,0,3,28,108,212,253,255,253,201,118,62,31,84,171,111,148,217,218,217,251,255,252,255,202,63,72,11,24,142,112,47,98,94,102,80,53,11,0,0,0,0,32,70,38,41,58,95,162,200,185,98,46,16,0,0,0,1,2,0,0,0,0,0,0,0,0,0,0,0
0,0,0,0,0,0,0,0,0,0,0,11,55,58,35,65,207,255,255,237,127,19,0,1,0,45,109,77,20,69,158,236,255,250,223,141,36,13,40,37,54,150,81,12,65,82,53,158,255,253,255,144,91,104,61,76,68,32,78,108,96,94,87,95,50,4,10,2,5,50,80,61,58,61,74,74,80,31,23,20,0,0,0,1,2,1,0,0,0,0,0,0,0,0,0,0,0
0,0,0,0,0,0,0,0,0,0,0,0,15,50,42,29,99,233,255,254,254,186,60,11,12,53,89,85,74,119,178,184,158,123,71,32,19,46,62,50,42,27,39,46,64,99,97,83,221,255,242,103,105,108,84,89,35,31,98,101,102,87,89,90,76,50,44,30,31,71,80,69,67,63,59,57,49,25,33,3,0,0,0,1,1,0,0,0,0,0,0,0,0,0,0,0,0
0,0,0,0,0,0,0,0,0,0,0,0,0,15,49,36,37,130,238,255,254,255,228,139,57,43,56,61,53,47,59,41,9,5,0,7,46,68,60,50,51,38,16,54,87,102,125,94,180,255,231,78,92,108,81,64,6,51,107,99,104,92,86,80,80,73,57,62,63,70,76,78,59,58,62,68,48,30,11,0,0,0,0,0,0,0,0,0,0,0,0,0,0,0,0,0,0
0,0,0,0,0,0,0,0,0,0,0,0,0,0,9,44,61,67,134,212,247,250,255,252,204,107,59,60,56,49,49,12,0,14,34,53,82,77,61,61,55,62,45,27,81,98,115,101,169,255,225,67,86,97,80,51,15,61,97,86,93,97,96,83,69,73,68,59,75,66,78,73,54,67,73,64,36,8,0,0,0,0,1,0,0,0,0,0,0,0,0,0,0,0,0,0,0
0,0,0,0,0,0,0,0,0,0,0,0,0,0,0,9,46,82,108,139,163,134,188,251,255,223,131,86,63,54,65,18,5,60,89,86,85,76,69,70,56,64,75,36,51,94,114,111,179,255,236,90,79,95,84,76,76,93,103,86,90,91,95,82,65,78,72,66,76,66,67,66,54,73,76,41,4,0,0,0,0,0,0,0,0,0,0,0,0,0,0,0,0,0,0,0,0
0,0,0,0,0,0,0,0,0,0,0,0,0,0,0,0,4,49,116,138,129,96,39,110,169,137,124,114,76,72,82,31,30,86,90,83,80,77,77,68,62,61,72,81,78,101,110,107,159,254,246,105,64,88,79,95,95,92,90,84,83,82,85,83,75,80,82,75,73,67,67,71,68,76,46,9,0,0,0,0,0,0,0,0,0,0,0,0,0,0,0,0,0,0,0,0,0
0,0,0,0,0,0,0,0,0,0,0,0,0,0,0,0,0,2,63,136,127,95,54,13,41,59,81,92,83,81,91,63,57,83,92,84,91,90,74,65,68,77,93,88,84,95,97,97,159,252,255,131,47,92,71,77,81,90,87,76,85,77,75,79,85,77,80,78,75,71,74,68,71,55,11,0,0,0,0,0,0,0,0,0,0,0,0,0,0,0,0,0,0,0,0,0,0
