0,0,0,0,0,0,0,0,0,0,0,0,0,0,0,0,0,0,0,0,0,0,0,0,0,0,0,0,0,0,0,0,0,0,0,0,0,0,0,0,0,0,0,0,0,0,0,0,0,0,1,1,1,1,2,10,12,6,0,0,0,0,2,8,16,9,2,1,3,3,5,8,11,12,5,1,1,3,1,1,1,1,1,1,1,0,0,0,0,0,0,0,0,0,0,0,0,0,0,0,0,0,0,0,0,0,0,0,0,0,0,0,0,0,0,0,0,0,0,0,0,0,0,0,0,0,0,0
0,0,0,0,0,0,0,0,0,0,0,0,0,0,0,0,0,0,0,0,0,0,0,0,0,0,0,0,0,0,0,0,0,0,0,0,0,0,0,0,0,0,0,0,0,0,0,0,7,24,41,46,48,47,47,67,34,3,0,0,0,0,0,1,12,21,21,41,94,68,67,73,69,61,57,41,39,66,63,56,54,58,56,41,29,20,11,18,9,0,0,0,0,0,0,0,0,0,0,0,0,0,0,0,0,0,0,0,0,0,0,0,0,0,0,0,0,0,0,0,0,0,0,0,0,0,0,0
0,0,0,0,0,0,0,0,0,0,0,0,0,0,0,0,0,0,0,0,0,0,0,0,0,0,0,0,0,0,0,0,0,0,0,0,0,0,0,0,0,0,0,0,8,22,39,50,52,53,67,71,84,88,72,56,24,43,92,94,79,74,61,32,12,12,14,34,87,99,104,108,105,84,82,77,74,84,89,89,87,88,88,77,67,60,56,56,54,45,34,27,11,1,0,0,0,0,0,0,0,0,0,0,0,0,0,0,0,0,0,0,0,0,0,0,0,0,0,0,0,0,0,0,0,0,0,0
0,0,0,0,0,0,0,0,0,0,0,0,0,0,0,0,0,0,0,0,0,0,0,0,0,0,0,0,0,0,0,0,0,0,0,0,0,0,0,0,0,7,18,27,41,64,85,98,91,73,75,83,92,83,51,19,47,130,208,209,179,181,167,110,59,36,18,3,9,64,84,95,107,87,80,91,90,65,81,85,85,87,85,88,89,91,94,87,95,95,83,70,47,27,15,9,0,0,0,0,0,0,0,0,0,0,0,0,0,0,0,0,0,0,0,0,0,0,0,0,0,0,0,0,0,0,0,0
0,0,0,0,0,0,0,0,0,0,0,0,0,0,0,0,0,0,0,0,0,0,0,0,0,0,0,0,0,0,0,0,0,0,0,0,0,0,2,4,12,37,78,93,93,96,74,68,73,82,87,113,84,31,14,71,174,217,200,189,176,205,225,200,167,146,94,31,4,3,32,70,96,103,88,93,97,81,95,77,75,93,84,82,84,83,78,88,85,89,96,88,94,88,70,45,10,1,0,0,0,0,0,0,0,0,0,0,0,0,0,0,0,0,0,0,0,0,0,0,0,0,0,0,0,0,0,0
0,0,0,0,0,0,0,0,0,0,0,0,0,0,0,0,0,0,0,0,0,0,0,0,0,0,0,0,0,0,0,0,0,0,0,0,0,0,23,61,90,79,89,97,92,81,86,85,97,109,85,63,29,10,49,193,194,177,180,161,175,175,191,221,190,173,165,122,22,0,23,35,18,21,50,84,101,93,96,77,71,84,90,91,83,80,88,92,94,97,96,90,76,88,99,88,59,19,0,0,0,0,0,0,0,0,0,0,0,0,0,0,0,0,0,0,0,0,0,0,0,0,0,0,0,0,0,0
0,0,0,0,0,0,0,0,0,0,0,0,0,0,0,0,0,0,0,0,0,0,0,0,0,0,0,0,0,0,0,0,0,0,0,6,41,53,62,78,95,96,95,97,95,86,91,104,92,57,35,14,0,40,171,228,195,166,165,159,179,172,172,194,177,165,177,186,156,119,106,100,88,73,46,35,39,51,101,95,83,86,84,84,75,62,58,72,75,61,48,59,59,62,69,71,57,37,15,0,0,0,0,0,0,0,0,0,0,0,0,0,0,0,0,0,0,0,0,0,0,0,0,0,0,0,0,0
0,0,0,0,0,0,0,0,0,0,0,0,0,0,0,0,0,0,0,0,0,0,0,0,0,0,0,0,0,0,0,0,0,10,26,49,83,95,90,77,74,102,98,96,101,102,82,76,49,4,0,21,50,132,252,208,183,170,161,161,177,181,174,164,165,163,172,206,253,213,181,170,169,154,113,62,19,7,67,68,59,61,49,66,68,49,28,44,50,31,11,29,33,29,26,28,29,31,17,0,2,0,0,0,0,0,0,0,0,0,0,0,0,0,0,0,0,0,0,0,0,0,0,0,0,0,0,0
0,0,0,0,0,0,0,0,0,0,0,0,0,0,0,0,0,0,0,0,0,0,0,0,0,0,0,0,0,0,0,1,11,45,84,103,95,97,96,84,77,107,93,84,90,92,53,15,0,3,24,96,173,231,246,184,164,165,166,158,163,184,183,157,166,176,176,195,247,214,195,185,177,180,199,166,92,31,22,11,9,13,3,40,56,46,30,36,50,41,21,26,9,5,7,6,8,6,2,1,5,9,5,0,0,0,0,0,0,0,0,0,0,0,0,0,0,0,0,0,0,0,0,0,0,0,0,0
0,0,0,0,0,0,0,0,0,0,0,0,0,0,0,0,0,0,0,0,0,0,0,0,0,0,0,0,0,0,0,11,66,101,101,88,91,96,96,96,99,101,77,55,36,12,6,2,0,26,134,197,207,219,245,183,161,166,173,170,150,178,192,162,167,175,174,190,240,211,186,178,179,174,180,191,193,164,78,45,34,18,5,6,12,28,54,75,85,78,62,48,26,9,14,30,6,0,0,0,4,49,33,5,1,0,0,0,0,0,0,0,0,0,0,0,0,0,0,0,0,0,0,0,0,0,0,0
0,0,0,0,0,0,0,0,0,0,0,0,0,0,0,0,0,0,0,0,0,0,0,0,0,0,0,0,0,1,32,80,73,91,89,84,106,94,90,103,109,62,28,14,7,0,0,0,28,106,186,202,212,233,245,177,151,162,175,159,142,161,175,164,170,155,166,203,232,209,186,168,161,183,195,193,194,202,167,166,158,135,125,52,9,4,17,32,59,84,97,92,68,52,52,53,24,13,5,0,0,30,43,36,16,1,0,0,0,0,0,0,0,0,0,0,0,0,0,0,0,0,0,0,0,0,0,0
0,0,0,0,0,0,0,0,0,0,0,0,0,0,0,0,0,0,0,0,0,0,0,0,0,0,0,0,4,37,82,108,83,85,82,82,103,96,86,78,62,22,2,0,0,0,21,53,111,174,190,192,210,236,240,174,156,161,166,163,149,157,174,177,150,143,169,208,225,202,181,169,166,174,182,186,189,196,210,210,197,184,184,133,73,27,5,0,18,40,62,90,86,86,84,71,56,57,53,41,29,11,22,48,58,21,3,0,0,0,0,0,0,0,0,0,0,0,0,0,0,0,0,0,0,0,0,0
0,0,0,0,0,0,0,0,0,0,0,0,0,0,0,0,0,0,0,0,0,0,0,0,0,0,1,10,33,82,109,94,89,88,83,84,96,86,63,33,7,0,0,8,14,20,100,149,186,206,178,194,213,227,228,180,167,161,160,173,156,157,175,183,142,146,182,212,208,195,178,175,181,164,162,184,198,185,206,194,177,179,191,180,143,94,54,39,13,0,8,46,58,82,96,86,82,92,99,99,91,40,8,32,77,47,18,3,0,0,0,0,0,0,0,0,0,0,0,0,0,0,0,0,0,0,0,0
0,0,0,0,0,0,0,0,0,0,0,0,0,0,0,0,0,0,0,0,0,0,0,0,0,0,9,43,80,94,89,79,77,84,83,85,96,52,15,1,3,7,3,38,69,76,213,208,192,207,176,198,219,224,215,189,165,159,165,166,154,149,156,169,171,156,191,224,181,193,185,175,179,178,171,189,203,187,195,190,185,193,209,163,159,165,142,140,66,13,5,3,2,38,77,91,87,83,91,117,149,116,46,20,52,64,44,20,5,0,0,0,0,0,0,0,0,0,0,0,0,0,0,0,0,0,0,0
0,0,0,0,0,0,0,0,0,0,0,0,0,0,0,0,0,0,0,0,0,0,0,0,0,4,30,80,59,60,71,77,90,102,84,47,20,9,1,5,29,66,45,76,136,168,208,185,177,196,180,180,217,238,205,164,154,156,157,153,156,150,156,174,155,163,189,206,195,192,186,176,172,187,170,185,202,188,210,188,188,213,200,174,167,165,153,150,124,70,17,1,0,6,14,32,87,79,78,96,115,134,119,109,112,83,44,44,42,2,0,0,0,0,0,0,0,0,0,0,0,0,0,0,0,0,0,0
0,0,0,0,0,0,0,0,0,0,0,0,0,0,0,0,0,0,0,0,0,0,0,0,0,17,41,40,50,74,91,93,102,69,35,12,0,6,41,84,121,138,88,108,168,187,178,190,188,176,188,168,197,232,218,174,155,158,165,156,162,147,157,191,149,176,204,209,200,179,179,182,175,173,169,186,197,178,200,197,196,204,202,172,162,157,145,160,145,81,10,1,0,0,0,5,33,52,67,78,81,103,159,182,152,116,38,26,47,32,5,0,0,0,0,0,0,0,0,0,0,0,0,0,0,0,0,0
0,0,0,0,0,0,0,0,0,0,0,0,0,0,0,0,0,0,0,0,0,0,0,6,1,14,35,36,84,109,101,75,65,23,0,3,30,73,126,167,183,174,121,141,181,165,173,190,192,183,187,169,187,224,237,195,168,159,164,174,160,153,175,205,163,201,216,198,189,172,182,184,165,161,170,184,189,182,185,202,204,194,192,159,142,138,136,148,135,96,44,4,0,0,0,0,0,19,41,53,54,58,139,205,199,148,53,16,33,49,20,3,0,0,0,0,0,0,0,0,0,0,0,0,0,0,0,0
0,0,0,0,0,0,0,0,0,0,0,0,0,0,0,0,0,0,0,0,0,3,11,14,7,13,43,90,115,106,69,24,2,0,0,28,108,167,203,206,186,177,147,166,184,151,189,179,180,199,179,175,185,214,242,209,191,168,157,184,167,176,202,216,193,223,211,175,174,175,189,180,152,163,169,176,185,190,181,199,208,194,171,143,116,110,123,99,88,109,105,8,0,0,0,0,0,0,8,22,30,26,87,179,230,160,99,58,38,34,40,19,2,0,0,0,0,0,0,0,0,0,0,0,0,0,0,0
0,0,0,0,0,0,0,0,0,0,0,0,0,0,0,0,0,0,0,0,0,19,50,14,19,58,102,115,62,22,6,2,0,0,13,81,202,194,206,206,182,191,173,171,177,171,183,184,178,173,176,171,167,187,224,222,213,197,176,164,211,217,217,234,222,209,192,178,175,172,177,178,173,170,156,175,191,169,184,199,204,193,164,135,101,88,92,24,3,64,109,8,0,0,0,0,2,1,1,2,5,21,68,133,174,150,155,147,93,14,52,44,17,0,0,0,0,0,0,0,0,0,0,0,0,0,0,0
0,0,0,0,0,0,0,0,0,0,0,0,0,0,0,0,0,0,0,0,35,64,48,51,87,96,70,41,15,2,0,0,0,0,72,180,202,202,206,196,177,184,160,169,183,166,177,189,185,175,182,187,181,182,199,211,200,210,228,216,220,236,234,208,209,177,184,200,173,198,188,174,173,159,151,175,188,162,184,198,201,193,169,143,92,49,41,36,9,22,45,4,0,2,2,8,51,21,0,0,0,5,43,92,131,158,154,131,92,43,21,50,43,0,0,0,0,0,0,0,0,0,0,0,0,0,0,0
0,0,0,0,0,0,0,0,0,0,0,0,0,0,0,0,0,0,0,35,67,73,60,84,97,70,23,2,0,0,0,0,0,58,150,209,194,187,189,188,183,185,147,162,189,171,180,195,197,188,186,181,191,196,183,187,191,209,231,237,236,223,212,206,190,176,195,213,185,186,201,190,157,158,151,155,167,171,144,128,137,155,147,114,89,73,60,51,16,1,7,1,0,9,12,9,35,12,20,34,0,0,14,44,86,134,136,136,120,69,19,29,48,38,3,0,0,0,0,0,0,0,0,0,0,0,0,0
0,0,0,0,0,0,0,0,0,0,0,0,0,0,0,0,0,3,27,75,74,63,83,90,60,21,0,0,0,0,0,4,45,150,198,194,199,181,180,183,182,185,140,149,188,195,175,194,204,191,192,173,186,199,183,182,197,207,212,226,229,201,187,204,195,198,209,211,191,167,194,197,158,157,149,138,131,122,70,41,50,82,105,63,64,94,102,65,25,3,0,0,0,13,18,6,2,3,34,59,36,12,0,7,42,91,115,147,155,107,57,45,63,68,14,1,0,0,0,0,0,0,0,0,0,0,0,0
0,0,0,0,0,0,0,0,0,0,0,0,0,0,0,0,1,23,84,77,59,66,94,66,21,0,0,0,0,0,0,28,152,198,195,189,209,198,192,182,171,180,134,133,179,218,161,186,198,179,205,187,175,179,192,202,213,212,206,212,189,192,193,184,219,214,208,201,178,171,171,181,186,148,131,120,83,15,3,1,5,25,66,22,23,71,116,89,52,18,0,0,1,9,12,8,14,21,16,36,94,39,11,3,9,51,91,132,161,160,109,125,118,67,39,10,0,0,0,0,0,0,0,0,0,0,0,0
0,0,0,0,0,0,0,0,0,0,0,0,0,0,0,0,27,73,79,68,71,83,76,20,1,0,0,0,0,0,22,82,174,194,198,204,204,196,195,194,194,207,132,117,160,194,192,199,187,174,218,203,187,185,191,194,218,211,184,191,195,198,205,207,179,188,202,198,169,164,178,187,179,158,71,21,27,47,9,0,39,90,43,7,52,129,159,111,74,33,0,1,13,9,4,14,33,27,11,5,18,22,47,40,1,9,62,122,162,164,131,175,196,152,86,26,2,0,0,0,0,0,0,0,0,0,0,0
0,0,0,0,0,0,0,0,0,0,0,0,0,0,0,16,64,98,53,64,95,87,26,2,0,0,0,0,0,79,156,172,189,193,197,201,202,188,190,189,180,188,120,87,120,186,205,211,189,177,232,201,189,197,200,208,210,199,185,188,211,214,198,180,191,192,183,177,185,171,175,174,143,76,21,0,36,129,58,6,71,150,24,0,51,107,114,132,109,50,0,1,12,6,4,18,16,9,3,2,9,6,41,55,27,2,18,67,120,149,156,181,219,218,115,58,19,0,0,0,0,0,0,0,0,0,0,0
0,0,0,0,0,0,0,0,0,0,0,0,0,1,10,50,83,85,66,81,83,49,0,0,0,0,3,42,86,159,212,214,203,193,188,190,200,181,187,187,178,193,97,56,104,184,195,205,194,181,215,206,205,209,201,192,189,194,199,197,207,217,203,174,195,187,179,183,190,172,162,146,102,19,0,0,30,106,79,21,45,97,9,0,23,61,100,153,132,62,0,1,10,18,21,16,1,3,4,6,16,22,27,43,53,8,0,21,73,131,157,164,172,176,150,105,42,0,0,0,0,0,0,0,0,0,0,0
0,0,0,0,0,0,0,0,0,0,0,0,0,4,43,74,72,64,104,103,49,1,0,0,0,12,57,133,201,196,182,202,213,195,180,184,198,185,190,191,191,216,80,44,116,185,182,194,197,185,186,202,216,213,189,168,176,193,203,201,193,201,208,201,186,175,189,197,170,167,151,115,70,30,6,0,2,13,50,24,0,0,0,0,0,36,132,157,130,63,2,1,7,34,39,11,6,15,14,6,11,47,30,27,50,17,2,4,38,103,130,150,112,73,150,139,76,18,0,0,0,0,0,0,0,0,0,0
0,0,0,0,0,0,0,0,0,0,0,0,1,17,89,63,44,76,107,91,38,0,0,1,8,85,187,213,199,191,188,191,215,202,187,189,203,202,196,191,193,197,83,63,131,190,193,203,200,187,191,168,188,202,176,192,194,186,181,185,198,181,183,214,194,188,188,172,137,167,147,89,48,80,27,0,0,1,4,2,0,0,0,0,0,39,132,125,108,56,0,0,0,26,34,12,21,28,17,0,5,37,53,36,11,36,12,0,12,51,96,155,123,39,61,125,121,61,2,0,0,0,0,0,0,0,0,0
0,0,0,0,0,0,0,0,0,0,0,0,19,71,58,51,60,83,101,42,6,0,1,9,135,198,183,201,197,190,191,198,192,196,207,213,208,203,181,186,210,174,70,66,133,177,186,186,191,199,200,199,184,179,195,190,189,185,179,177,185,186,187,187,173,194,207,184,129,131,106,56,48,174,82,10,0,0,0,0,0,0,0,0,0,9,34,53,82,58,6,0,0,19,36,29,9,8,8,9,21,50,69,48,21,73,25,0,1,13,47,120,157,120,41,96,116,74,12,1,0,0,0,0,0,0,0,0
0,0,0,0,0,0,0,0,0,0,0,14,52,86,27,49,87,90,63,13,0,0,7,110,204,216,184,196,189,190,197,197,179,197,211,210,209,209,180,181,210,165,52,49,120,165,200,193,187,193,189,214,189,169,196,188,179,180,183,178,196,191,186,192,168,193,202,177,139,123,80,28,18,95,115,58,0,0,0,0,0,0,0,0,0,0,19,103,99,57,23,11,2,13,27,24,7,25,25,15,28,50,55,46,46,79,25,0,0,0,12,76,117,100,60,76,96,82,33,5,0,0,0,0,0,0,0,0
0,0,0,0,0,0,0,0,0,0,3,44,76,54,31,65,98,84,23,3,0,13,80,192,205,195,196,195,188,191,197,196,188,201,207,203,200,199,186,184,189,161,42,36,99,133,214,209,190,188,181,217,199,172,186,192,183,184,191,186,204,190,183,198,180,185,180,158,129,98,59,36,26,0,76,60,0,0,0,0,0,0,0,0,0,20,86,173,135,68,29,20,4,6,15,19,14,41,46,33,38,63,60,61,76,62,17,0,7,20,3,33,56,62,95,66,72,86,61,10,0,0,0,0,0,0,0,0
0,0,0,0,0,0,0,0,0,1,25,68,72,15,61,88,85,56,6,0,6,77,199,193,186,192,197,190,199,194,190,197,205,199,203,204,185,173,188,189,165,149,41,30,74,89,206,212,192,193,191,216,203,180,183,193,199,197,193,197,199,190,181,183,193,170,158,142,88,41,35,68,92,41,17,5,0,0,0,0,0,0,0,0,0,39,138,168,157,89,17,17,4,0,8,22,18,31,51,63,62,100,100,95,91,39,8,0,26,75,15,0,25,74,129,81,58,76,88,16,0,0,0,0,0,0,0,0
0,0,0,0,0,0,0,0,1,8,70,66,33,44,57,83,63,9,1,1,93,188,206,208,201,185,177,193,203,202,193,184,180,182,180,179,184,192,179,175,176,127,34,0,30,93,178,194,179,181,216,195,180,180,185,179,197,189,174,207,224,197,174,182,181,153,142,126,68,34,27,52,117,208,124,36,0,0,0,0,0,0,0,0,0,6,40,127,146,91,19,4,0,0,1,3,5,36,53,65,93,111,109,89,56,10,0,0,38,121,25,0,6,48,146,168,88,48,106,30,2,0,0,0,0,0,0,0
0,0,0,0,0,0,0,0,7,48,71,47,35,80,87,62,25,0,1,64,158,210,193,197,205,194,179,197,202,201,200,199,200,178,176,187,187,201,181,185,194,92,20,0,10,55,141,201,192,162,205,184,183,197,195,174,184,188,183,186,188,174,167,174,158,144,138,121,70,30,9,34,113,219,220,153,64,0,0,0,0,0,0,0,0,52,170,146,128,86,29,2,0,0,0,4,33,35,30,40,77,122,92,43,15,1,0,0,13,43,9,0,5,45,142,221,112,21,89,45,11,0,0,0,0,0,0,0
0,0,0,0,0,0,0,3,23,69,63,54,64,89,99,43,1,4,33,143,201,202,188,197,195,189,186,190,198,202,210,215,191,187,187,187,190,190,183,188,190,128,33,0,6,42,147,202,198,178,196,177,189,203,187,174,187,194,185,169,166,157,156,164,150,128,118,100,53,23,2,21,82,147,212,197,133,76,13,0,0,0,0,0,0,57,190,140,118,82,30,2,0,0,0,4,30,24,24,38,58,80,47,9,0,0,0,0,0,0,0,0,2,36,135,235,170,62,48,65,24,0,0,0,0,0,0,0
0,0,0,0,0,0,0,12,42,65,68,80,91,83,82,31,0,18,105,198,212,190,194,213,186,178,192,185,188,200,211,205,170,192,193,179,190,184,183,185,188,185,61,0,5,43,165,194,193,199,198,173,190,201,172,177,200,197,175,168,167,151,152,173,147,102,84,69,21,12,6,17,49,85,145,164,159,148,28,0,0,0,0,18,22,46,102,111,115,76,19,2,0,0,0,0,3,11,26,39,39,20,5,0,0,0,0,0,0,0,0,0,0,20,117,224,238,144,28,79,37,0,0,0,0,0,0,0
0,0,0,0,0,0,0,21,57,63,89,97,93,90,53,15,0,49,192,210,190,181,199,221,193,183,200,201,173,189,194,166,188,184,179,183,190,201,190,196,214,177,85,20,0,21,144,192,187,180,203,176,191,202,175,186,199,186,166,172,162,140,160,202,133,73,57,47,4,0,10,20,36,80,109,130,134,102,19,0,0,0,8,82,115,102,82,107,106,61,8,1,0,0,0,0,0,6,8,8,10,6,2,0,0,0,0,0,0,0,0,0,0,10,70,209,255,198,70,74,44,13,0,0,0,0,0,0
0,0,0,0,0,0,16,46,74,83,94,97,103,104,27,0,41,135,207,198,195,202,200,197,202,200,194,200,192,197,204,194,162,191,192,178,199,184,209,224,205,193,155,67,0,14,132,180,179,177,206,194,179,169,170,208,179,155,158,160,148,129,132,151,123,57,44,48,2,0,2,6,14,34,52,94,123,92,22,0,0,9,59,139,188,168,105,121,86,49,26,2,0,0,0,0,0,1,1,1,1,1,0,0,0,0,0,0,0,0,0,0,0,1,23,194,255,225,137,72,62,37,0,0,0,0,0,0
0,0,0,0,0,0,24,56,78,88,99,103,103,90,15,10,94,196,206,200,201,209,211,199,196,192,178,162,187,201,195,183,194,187,186,186,174,178,192,202,200,190,203,115,8,7,70,161,203,192,194,184,174,165,162,190,165,152,160,151,128,117,117,108,57,25,43,58,13,1,0,0,3,7,13,57,94,71,21,2,0,18,103,145,152,133,109,123,79,40,23,2,0,0,0,0,0,0,0,0,0,0,0,0,0,0,0,0,0,0,0,0,0,0,8,183,255,242,204,81,70,46,0,0,0,0,0,0
0,0,0,0,0,0,35,66,73,79,102,115,103,63,9,69,156,204,206,202,197,198,203,203,188,179,167,137,164,182,180,176,209,185,189,202,170,187,181,189,208,176,211,146,38,3,14,155,232,194,165,174,182,175,162,179,168,164,165,147,118,111,103,67,10,2,26,39,14,2,0,1,0,0,0,26,57,54,17,5,5,34,127,138,115,103,118,101,56,23,10,1,0,0,0,0,0,0,0,0,0,0,0,0,0,0,0,0,0,0,0,0,0,0,7,144,228,253,245,149,90,42,5,0,0,0,0,0
0,0,0,0,0,3,52,81,69,77,103,120,98,36,11,139,207,179,207,194,190,187,179,192,183,172,159,136,138,147,165,187,183,189,201,208,204,201,191,201,217,172,198,157,66,3,0,152,232,178,145,174,186,176,167,180,176,171,163,144,125,107,72,26,19,10,5,5,4,1,1,2,0,0,3,8,23,42,13,6,18,56,133,144,123,117,129,61,17,0,0,0,0,0,0,0,0,0,0,0,0,0,0,0,0,1,0,0,0,0,0,0,0,0,3,72,185,255,250,245,126,42,23,2,0,0,0,0
0,0,0,0,2,25,66,84,80,108,112,101,63,11,49,157,205,181,192,188,202,210,192,179,171,158,134,112,126,128,136,163,188,190,178,179,210,210,186,180,198,198,213,159,65,3,0,111,183,175,178,159,158,165,156,131,151,158,142,135,136,86,28,11,47,45,38,28,3,1,1,0,0,0,0,1,3,6,7,2,16,63,132,145,110,87,96,29,3,0,2,2,1,0,0,0,0,0,0,0,0,0,0,0,0,0,0,1,1,1,0,0,0,0,0,3,137,254,239,250,149,71,43,3,0,0,0,0
0,0,0,0,4,48,74,76,78,119,120,93,45,14,125,191,202,194,204,188,197,209,199,201,176,158,143,110,113,109,126,170,191,189,177,182,215,207,188,181,191,192,208,153,60,3,0,70,147,181,170,159,163,169,162,148,123,126,141,119,100,87,67,53,104,93,77,60,26,24,8,0,0,0,0,10,22,19,5,0,17,60,99,107,88,70,62,12,0,9,22,19,4,0,0,0,0,0,0,0,0,0,0,0,0,0,0,17,32,19,2,0,0,1,3,0,67,166,219,219,193,123,40,3,0,0,0,0
0,0,0,0,4,66,69,69,101,131,127,76,17,21,173,219,209,200,200,201,195,201,219,190,191,179,151,131,104,91,107,144,166,190,199,196,199,209,188,185,204,178,208,145,42,1,0,33,110,176,156,142,154,166,161,175,122,89,97,102,82,100,125,132,142,124,116,120,113,101,65,23,0,0,0,18,44,48,9,0,16,46,60,75,58,40,40,6,0,7,21,27,7,0,0,0,0,0,0,0,0,0,12,20,15,9,36,47,48,53,33,10,0,1,7,1,13,99,225,170,212,156,29,10,2,0,0,0
0,0,0,1,13,79,58,62,127,137,129,59,3,51,187,215,205,203,192,203,197,205,230,170,201,197,154,152,109,90,90,99,133,183,209,205,192,207,182,181,203,161,188,117,19,11,18,17,67,145,154,134,146,148,120,168,111,47,35,73,85,100,133,174,168,149,144,162,189,171,134,82,28,2,0,14,39,47,9,0,10,26,27,44,26,10,22,4,0,1,6,18,5,0,0,0,0,0,0,0,0,8,36,51,40,30,57,48,33,55,51,19,0,1,6,2,0,56,188,150,221,174,39,24,5,0,0,0
0,0,0,7,37,83,57,66,131,129,116,50,25,119,193,180,178,208,203,180,197,220,208,185,201,191,159,154,128,114,93,75,115,150,175,196,213,193,173,167,165,136,123,58,7,40,66,26,24,89,153,146,152,120,48,110,56,4,8,42,103,86,78,137,193,182,158,156,180,178,172,155,110,21,5,4,2,2,0,0,4,9,7,3,1,1,1,0,0,0,1,2,0,0,0,0,0,0,0,1,10,36,53,58,56,56,18,0,1,4,20,10,0,0,0,0,0,12,67,183,247,193,85,41,8,0,0,0
0,0,0,14,57,59,94,136,152,131,74,16,45,178,210,195,183,195,218,199,189,189,189,196,213,197,159,144,134,128,106,69,60,76,118,164,186,185,172,162,147,96,50,14,10,44,47,18,0,29,101,83,92,106,82,39,10,0,19,105,182,146,103,131,163,189,193,181,173,190,197,181,143,98,71,30,0,0,0,0,0,3,8,2,0,0,0,0,0,0,1,2,1,0,0,0,0,0,0,18,73,62,28,18,44,73,22,0,0,0,3,2,0,0,0,0,0,0,31,213,255,214,132,62,12,0,0,0
0,0,0,19,73,38,122,178,142,127,45,0,53,206,199,196,198,197,196,203,196,187,192,202,203,191,172,154,135,138,118,63,42,27,39,80,131,147,163,156,108,37,9,2,42,127,120,55,14,21,34,30,28,44,72,55,19,28,74,105,171,140,115,163,198,217,219,207,194,215,206,172,151,194,158,71,3,0,0,0,0,3,16,5,0,1,6,10,4,0,0,1,0,0,0,0,0,0,0,24,91,39,12,9,17,41,47,22,0,1,11,5,0,3,14,6,0,0,17,155,235,242,174,48,6,0,0,0
0,0,0,24,96,57,133,180,133,105,27,2,77,211,195,196,208,208,193,208,203,189,189,212,193,188,195,166,144,144,119,61,38,7,0,16,57,71,103,100,49,6,0,15,91,211,204,87,14,16,0,26,43,54,69,75,47,59,88,57,89,79,105,194,228,227,225,221,207,218,198,168,169,232,212,137,51,0,0,0,0,2,12,4,0,3,7,10,4,0,0,0,0,0,0,0,0,0,0,24,88,23,5,7,0,9,51,47,16,6,22,11,0,8,44,53,44,22,8,63,194,255,202,45,12,3,0,0
0,0,0,31,110,98,138,168,137,65,12,37,122,206,206,206,212,214,208,210,204,188,180,219,194,190,205,178,162,149,119,71,37,19,7,0,2,0,20,23,2,13,1,42,143,247,218,82,2,14,22,70,122,136,102,78,69,66,53,22,16,31,101,202,215,202,209,217,194,199,190,188,201,208,219,201,128,20,1,0,0,0,0,0,1,3,2,1,0,0,0,0,0,0,0,0,0,0,0,21,79,28,3,0,0,3,38,58,49,25,23,9,0,18,84,122,129,82,1,0,165,255,217,71,33,12,0,0
0,0,10,42,89,103,153,182,136,21,0,70,169,206,210,218,214,200,193,187,196,203,197,205,202,186,180,201,172,155,137,98,54,66,41,3,18,5,8,12,13,28,6,71,185,236,132,45,26,56,78,122,156,165,148,116,90,59,40,56,42,68,131,187,175,158,174,191,169,191,201,208,212,191,199,207,175,89,16,0,1,0,0,0,0,0,0,1,0,0,0,0,0,0,0,0,0,0,0,16,60,23,6,3,3,13,47,58,59,63,14,0,4,39,123,156,188,142,6,0,153,255,222,99,50,16,0,0
0,0,15,50,91,119,156,142,69,7,0,93,200,197,207,202,201,209,208,191,184,194,208,198,199,201,196,185,191,175,150,138,136,111,48,9,51,30,24,40,56,41,37,84,149,163,52,10,11,30,76,119,143,151,151,149,147,93,30,39,30,57,96,114,96,89,120,163,174,183,154,155,191,182,198,195,187,175,45,28,27,0,0,0,0,0,0,0,0,0,0,0,0,0,0,0,0,0,0,13,57,48,22,3,2,9,23,19,34,82,16,0,10,63,175,179,197,171,63,9,75,177,204,91,47,15,0,0
0,0,20,58,92,118,141,102,18,2,8,115,214,195,196,203,208,212,221,209,197,192,198,211,201,203,209,191,184,176,174,180,176,139,80,34,33,37,62,73,61,54,46,68,103,114,72,59,43,41,104,111,103,113,148,166,172,140,89,57,17,20,48,69,66,58,62,95,158,181,158,142,151,150,180,182,185,204,104,78,54,12,0,2,0,5,22,1,0,0,0,0,0,0,0,0,0,0,14,36,47,70,39,5,1,11,6,11,37,64,13,0,13,72,184,193,198,176,100,15,15,88,141,77,59,24,0,0
0,0,29,73,92,112,120,73,0,1,36,138,218,199,187,207,214,207,223,214,203,193,189,221,204,193,201,203,173,174,196,208,180,162,136,80,5,20,71,74,37,67,84,102,125,147,151,132,94,78,130,122,96,96,134,154,165,166,152,112,45,12,44,106,90,75,37,29,107,160,160,143,132,123,156,165,169,192,150,130,85,26,17,41,38,37,57,36,10,0,0,0,0,0,0,0,0,0,22,43,27,63,42,11,6,13,17,45,60,29,5,0,18,81,182,193,188,173,127,20,0,31,79,74,81,38,0,0
0,0,40,92,94,114,97,48,0,2,75,167,218,200,191,199,203,203,216,196,190,195,196,209,206,188,178,195,185,186,203,213,182,183,183,129,8,3,33,36,26,89,177,210,218,239,209,161,120,104,119,141,134,116,110,112,138,155,161,172,115,59,96,191,120,99,51,7,40,98,97,106,140,122,148,146,145,174,146,162,116,34,60,117,120,93,84,106,43,0,0,0,0,0,2,4,2,0,6,11,5,33,33,22,18,16,53,87,72,5,0,0,30,109,196,182,171,179,162,26,0,23,62,75,93,49,3,0
0,0,40,92,93,112,66,14,0,4,150,222,209,188,209,212,214,214,196,186,215,231,204,200,214,202,175,182,204,201,195,198,172,175,184,136,12,38,24,18,66,156,228,241,236,248,201,165,134,113,123,113,107,108,106,76,82,117,163,196,156,117,120,138,67,37,23,18,21,19,14,45,99,107,168,163,141,165,122,146,119,55,95,133,138,116,96,114,70,21,0,0,0,0,14,35,8,0,1,1,3,36,54,45,31,54,66,65,41,2,0,0,56,154,175,174,195,213,173,28,0,36,72,34,83,61,15,0
0,0,35,82,98,112,50,0,0,15,183,233,197,198,203,202,206,209,190,187,211,224,206,197,220,217,193,199,210,199,187,188,187,182,191,146,12,61,46,45,118,216,243,247,246,238,199,193,169,124,108,108,100,110,134,77,39,65,136,188,198,175,153,132,58,15,4,7,14,57,39,20,35,49,167,196,183,212,120,103,92,58,55,145,181,148,101,118,66,17,1,0,0,0,20,51,9,0,0,0,2,31,53,46,27,55,80,53,10,1,0,0,67,180,183,183,191,208,193,30,0,36,72,33,63,60,28,1
0,9,41,78,98,102,41,0,5,43,183,221,198,215,203,207,209,203,204,198,202,209,209,199,213,213,198,191,186,190,192,189,194,191,170,113,33,69,56,72,158,237,247,245,246,239,201,198,167,114,115,121,116,116,127,102,57,74,123,120,161,180,173,138,56,11,0,0,10,91,99,50,0,8,95,175,228,249,166,119,75,37,58,138,175,166,141,136,77,32,20,14,5,0,12,31,4,0,0,0,1,14,32,38,43,79,78,35,0,0,0,2,87,202,194,189,175,187,200,49,0,28,63,43,62,61,32,1
0,20,53,84,93,81,31,0,12,82,178,210,205,220,212,226,220,199,214,213,209,209,209,196,204,202,185,171,173,188,198,196,190,185,120,51,60,58,50,88,169,214,246,246,240,246,194,177,144,104,130,118,123,124,107,128,98,99,103,33,66,137,174,140,61,13,0,0,5,64,105,79,10,1,6,112,228,239,224,175,88,28,90,111,137,165,177,161,113,72,54,55,39,14,0,0,0,0,0,0,0,0,8,25,52,89,50,13,0,0,0,35,124,210,192,184,170,177,191,77,13,21,54,52,74,67,34,1
0,22,58,89,93,57,18,0,19,121,194,209,197,200,212,224,213,190,192,220,231,221,199,180,210,209,181,191,220,203,186,198,196,151,71,28,70,32,47,101,151,170,229,241,228,224,163,156,151,127,107,70,93,134,140,133,78,40,28,7,10,95,165,150,97,27,0,0,0,5,15,33,42,5,0,70,163,197,225,194,133,78,49,85,140,162,142,173,150,108,90,112,115,52,0,0,0,0,0,0,0,0,1,3,7,7,4,1,0,0,0,89,165,182,179,179,183,193,184,94,22,16,50,64,68,71,46,1
1,39,72,85,86,51,16,0,33,204,213,193,188,194,206,212,214,215,216,224,195,185,221,200,197,200,199,197,205,202,201,209,193,84,68,119,105,53,33,69,135,161,177,162,140,138,118,114,115,108,84,61,87,130,146,119,61,28,30,36,7,66,151,181,136,46,0,0,0,0,0,6,11,1,0,28,108,206,191,199,192,130,23,80,151,171,147,169,161,141,129,127,118,85,38,0,0,0,1,2,0,0,0,0,0,0,0,0,0,0,4,122,190,172,181,185,183,185,184,119,34,10,44,69,66,62,38,1
1,52,84,89,93,41,8,2,55,217,220,203,199,197,203,201,214,228,202,202,197,194,200,198,200,205,209,207,196,198,211,209,142,93,129,174,126,88,57,51,73,102,117,122,124,127,119,100,99,114,107,72,89,135,155,123,109,84,57,53,23,54,123,173,154,94,32,0,0,0,0,0,0,0,0,5,40,114,175,213,216,165,52,58,137,185,152,146,155,152,147,165,138,119,92,43,4,0,0,1,0,0,0,0,0,0,0,0,0,3,33,141,193,174,193,183,179,188,193,144,45,3,32,67,62,62,41,1
1,59,84,83,100,29,0,17,84,207,214,212,215,205,209,199,211,229,199,193,203,204,189,197,204,200,195,202,195,197,204,185,99,125,181,193,139,131,111,83,69,93,113,133,147,147,127,109,116,135,126,76,94,137,143,130,150,142,94,46,44,45,75,133,149,132,67,4,0,0,0,0,0,0,0,0,0,21,111,167,196,189,126,61,87,147,163,135,154,169,175,195,165,153,142,101,29,6,1,0,0,0,0,1,3,0,0,0,0,7,70,146,184,186,194,181,180,192,198,161,52,2,33,73,65,67,47,3
2,59,75,69,99,23,0,30,115,216,207,205,217,214,216,204,207,225,231,212,191,191,212,209,195,180,174,181,194,197,181,149,110,139,185,195,152,169,167,156,154,168,172,166,158,148,122,128,143,140,102,55,80,115,106,120,138,153,124,29,54,30,24,85,131,138,91,29,2,0,0,0,0,0,0,0,3,11,3,58,130,181,196,106,33,59,161,151,162,190,209,197,175,176,174,142,82,35,8,0,0,0,0,4,8,1,0,0,0,10,103,149,179,199,179,182,187,192,192,170,56,7,47,87,73,66,44,7
7,58,81,84,104,23,0,43,144,222,212,205,212,210,202,204,211,218,222,212,219,223,207,198,186,189,198,187,197,185,157,137,161,187,189,172,158,168,199,205,183,191,195,186,167,150,138,139,129,103,69,20,16,49,86,94,117,136,116,44,27,15,17,49,117,146,131,76,5,0,0,0,0,0,0,0,7,23,4,6,20,67,179,135,47,20,90,156,155,150,174,209,169,169,183,173,145,79,24,0,0,0,0,1,3,0,0,0,0,14,139,179,187,194,177,181,198,202,187,192,67,6,42,70,66,58,37,10
6,57,67,62,94,21,0,71,206,219,216,206,202,208,207,211,210,199,184,201,227,228,198,199,192,196,204,188,169,169,170,167,194,192,179,178,196,196,204,198,186,208,196,198,188,141,123,101,76,51,24,2,0,15,49,86,114,115,90,52,14,4,6,23,97,143,163,123,16,0,0,0,0,0,0,0,8,25,5,0,0,19,95,120,77,24,33,132,164,157,151,168,180,176,171,172,151,110,58,23,21,4,0,0,1,0,0,0,0,15,161,189,186,195,181,185,181,184,204,216,75,1,35,74,86,76,45,12
14,69,71,55,93,21,0,86,237,214,208,201,196,201,205,205,206,203,191,210,221,213,196,204,202,203,205,194,177,172,183,201,207,187,172,179,207,211,196,187,193,196,196,202,191,139,67,64,78,74,56,41,13,0,19,61,85,76,50,29,9,1,1,11,53,129,173,149,65,10,0,0,1,4,8,4,4,13,3,0,0,4,27,80,78,36,13,62,113,134,134,143,154,166,171,167,167,149,92,40,39,8,0,1,0,0,0,0,0,23,177,188,168,179,183,184,178,178,197,219,80,6,44,81,95,81,46,12
25,84,88,69,100,22,0,84,234,208,198,199,202,203,202,199,206,218,219,219,209,200,202,201,207,205,197,198,202,187,192,219,196,185,175,175,200,203,188,185,194,177,196,200,171,113,45,91,144,149,139,119,79,34,8,27,38,32,16,1,9,5,1,6,11,115,177,170,133,37,1,0,1,8,17,10,0,0,0,0,0,0,1,34,56,53,32,7,36,71,99,135,123,149,177,182,204,175,109,51,35,7,1,2,0,0,0,0,10,59,178,182,164,171,176,181,190,191,187,215,89,29,66,80,90,76,42,8
27,86,98,81,97,21,0,82,226,206,205,208,214,221,211,210,211,212,212,201,198,203,205,187,201,198,182,194,192,193,206,214,171,185,187,186,210,188,187,185,176,189,189,189,139,45,128,202,218,195,188,184,192,145,32,20,8,6,9,2,15,9,0,0,2,115,196,208,178,77,17,0,1,5,11,7,0,0,0,0,0,0,0,1,36,74,76,36,14,10,37,108,140,151,173,211,229,161,107,67,6,0,3,4,0,0,0,0,32,126,160,179,196,198,166,188,198,199,212,229,111,65,96,70,84,82,47,3
22,88,108,89,87,18,4,98,231,228,220,204,191,192,197,200,200,201,208,190,177,180,192,195,182,193,217,211,202,197,188,178,188,198,206,205,191,185,186,196,205,184,175,141,102,104,187,216,213,200,181,190,206,200,147,51,8,0,2,2,12,7,0,1,2,117,206,227,197,88,20,0,0,0,2,1,0,0,0,0,0,0,0,0,5,41,97,84,37,6,5,30,111,151,158,167,200,176,133,76,4,0,13,15,0,0,0,0,38,150,180,195,193,192,219,202,180,175,195,229,114,109,171,82,70,76,53,7
24,93,120,98,79,16,17,113,227,201,208,198,182,184,184,198,203,195,191,182,188,194,188,192,193,199,201,188,208,194,182,193,177,177,185,199,214,173,186,201,188,180,166,97,78,180,205,205,198,187,165,176,201,216,195,98,25,0,5,24,11,1,0,0,10,101,185,221,194,67,8,0,4,27,6,0,0,0,0,0,0,0,0,9,3,13,55,88,72,34,3,3,71,108,135,172,183,135,113,86,4,0,8,8,0,0,0,0,41,156,166,172,172,175,203,189,176,181,205,235,116,126,209,113,84,78,49,4
28,84,126,122,81,16,16,111,223,192,193,192,189,193,180,192,204,197,179,182,203,210,190,187,210,206,181,180,198,188,188,206,176,174,177,190,216,187,195,192,165,174,131,73,89,204,216,204,192,183,169,167,202,235,216,126,35,0,12,53,13,3,11,15,45,102,168,204,168,44,0,1,10,41,46,38,20,0,0,0,5,11,10,17,10,0,11,48,86,69,20,10,45,52,73,122,129,91,86,82,20,0,0,0,0,0,2,0,35,134,157,167,166,165,180,179,180,192,210,221,118,135,220,148,86,67,43,1
29,66,131,160,98,19,9,101,225,220,198,192,201,202,185,182,193,202,188,195,201,201,198,189,215,209,184,202,181,187,197,193,192,194,195,191,185,210,200,174,158,150,71,67,126,181,234,218,192,188,191,171,210,255,237,126,33,0,18,59,22,27,49,61,101,126,173,203,152,38,0,6,15,24,102,123,77,17,8,6,21,37,22,18,8,0,0,0,63,79,40,21,41,29,15,28,48,84,90,69,49,26,12,6,3,1,6,1,24,103,169,193,182,168,188,186,186,189,193,200,121,143,222,170,65,47,41,1
31,69,148,190,125,24,26,123,226,216,220,212,201,202,193,190,189,194,216,220,190,182,215,194,211,204,181,192,184,193,202,194,172,169,183,195,187,165,165,164,141,93,28,63,145,184,237,223,184,168,195,184,208,241,224,124,33,11,28,12,44,76,110,141,143,135,187,245,199,44,0,7,16,7,99,155,143,94,51,28,42,59,15,8,4,0,0,0,14,36,45,23,47,67,75,67,40,105,128,90,58,116,89,42,25,3,8,3,30,122,164,191,189,174,191,191,191,185,181,225,127,132,218,174,67,49,44,1
45,74,160,217,144,27,62,157,211,203,188,182,189,198,186,206,208,194,212,202,205,201,182,202,204,189,175,178,178,177,174,168,165,184,194,184,166,159,164,152,108,47,9,77,167,183,230,216,185,169,169,191,203,217,212,79,30,20,16,18,62,98,133,168,178,197,212,212,177,37,0,12,27,4,61,107,133,140,58,79,90,53,35,10,0,0,0,0,1,7,19,35,77,66,68,117,139,149,152,146,141,210,186,132,87,10,1,0,36,142,172,171,173,183,183,171,177,187,185,191,112,144,241,201,83,47,34,1
52,75,159,224,163,31,92,187,203,196,175,180,196,197,196,213,212,196,199,179,195,209,191,194,178,169,172,171,159,152,150,155,171,174,178,174,156,169,149,104,55,15,0,61,149,200,235,229,205,179,156,196,205,209,210,90,60,33,11,57,94,135,179,213,212,231,236,218,173,36,0,17,39,9,20,65,120,148,95,85,62,23,23,6,0,0,0,0,0,0,2,20,47,32,46,115,153,178,182,178,188,219,180,114,57,6,0,0,41,158,174,174,171,169,165,170,179,189,191,177,135,177,254,217,74,38,35,1
42,64,148,221,180,35,109,205,198,190,183,191,200,198,203,209,207,198,190,177,185,204,208,176,154,154,162,154,128,124,130,138,165,138,137,154,141,140,99,46,12,2,0,23,101,214,242,248,229,194,169,200,218,215,191,131,88,40,25,98,117,174,233,253,237,237,247,246,203,56,0,19,50,31,4,45,112,132,119,54,7,0,0,0,0,0,0,0,0,0,0,0,2,2,22,64,95,167,193,174,163,167,132,78,33,10,2,0,46,173,176,187,179,156,162,174,177,178,181,169,161,202,253,219,56,27,37,1
23,44,133,220,192,37,112,206,190,181,187,183,181,193,186,198,205,198,190,198,206,200,179,161,153,144,129,110,90,95,99,94,118,98,97,111,100,59,35,18,2,3,1,0,59,200,234,245,237,215,195,202,235,218,133,132,73,36,59,113,105,186,255,247,239,242,243,246,240,102,19,16,56,70,19,32,84,100,78,29,1,2,1,1,0,0,1,0,0,0,0,2,11,6,0,9,50,109,157,154,100,125,142,143,118,37,6,0,51,186,186,184,177,170,185,161,154,158,152,139,143,197,253,217,57,19,26,0
39,55,131,217,216,44,100,190,187,191,179,191,202,185,184,177,178,185,185,200,196,181,163,133,140,110,56,48,63,61,62,69,40,61,77,74,64,57,37,16,4,3,6,0,44,174,228,223,222,230,205,209,236,193,72,90,34,53,120,97,71,171,255,233,216,228,242,251,246,147,44,2,34,89,29,4,19,27,49,34,10,1,5,7,3,5,15,2,0,0,0,6,41,24,0,0,9,28,103,155,104,138,164,160,117,28,2,4,65,181,182,170,173,184,175,178,179,172,157,137,124,180,255,227,58,15,23,0
28,49,125,216,231,47,107,197,179,172,180,202,203,167,195,188,180,188,198,195,185,166,138,116,101,65,28,27,25,27,29,25,16,41,55,49,41,43,28,11,2,1,9,17,53,131,203,235,237,228,228,230,163,78,39,40,55,102,130,72,63,172,252,227,229,243,242,239,244,158,50,1,33,85,28,0,5,23,45,44,32,20,16,43,67,85,89,60,14,0,0,3,25,43,31,0,0,0,62,124,103,130,157,165,128,19,0,17,82,177,175,170,174,180,169,171,177,173,155,135,124,181,255,224,63,20,24,0
18,38,110,204,236,49,110,196,168,166,187,201,192,170,201,202,192,192,202,196,188,159,109,91,56,26,15,19,3,8,11,0,10,20,25,24,19,18,12,4,0,0,4,48,100,118,129,169,185,169,161,144,83,32,35,47,91,130,117,43,52,171,254,234,242,243,238,237,236,139,41,7,41,74,24,0,5,25,62,81,86,79,63,102,156,183,170,158,96,33,0,0,4,30,49,39,17,4,29,61,60,85,143,166,116,13,0,20,86,179,182,181,185,183,165,160,169,172,157,140,124,179,254,222,66,20,22,0
19,35,95,184,234,49,103,186,167,177,187,184,179,186,189,199,198,188,196,199,195,155,82,53,21,3,1,7,2,6,7,0,2,1,1,1,0,0,0,0,0,0,0,56,121,108,37,42,70,72,35,11,48,77,59,103,112,122,105,18,34,165,255,245,241,225,233,248,220,114,33,12,40,71,23,0,0,9,97,139,157,161,142,174,226,246,221,240,209,128,40,3,0,0,31,81,47,20,7,2,3,39,141,166,78,9,0,13,79,192,195,190,192,191,168,162,169,172,161,146,118,171,255,223,67,14,13,0
13,37,94,177,234,50,103,197,188,169,170,170,171,176,161,186,192,180,203,186,181,145,59,18,6,2,0,1,0,1,1,0,1,3,2,0,0,0,0,0,0,0,0,6,16,21,6,4,7,7,5,34,68,92,106,131,117,113,94,11,39,165,253,241,243,229,237,242,194,107,45,13,19,71,24,0,0,16,149,187,202,225,215,239,252,250,245,246,249,236,168,27,1,0,5,21,51,28,6,0,4,46,154,167,61,7,0,15,89,209,192,184,178,173,188,177,173,169,154,139,111,168,252,212,72,11,3,0
8,31,76,156,234,69,115,195,185,177,175,173,177,187,180,177,178,182,187,183,169,124,55,28,8,1,2,0,0,0,0,0,0,0,0,0,0,0,0,0,0,0,0,0,0,1,0,0,0,0,1,29,84,127,132,123,117,114,84,8,19,86,166,221,221,237,230,188,128,85,53,24,5,21,7,0,6,53,201,242,243,250,248,251,253,253,253,253,254,255,237,171,37,0,0,3,13,8,1,0,3,30,138,168,77,9,0,77,173,197,185,170,172,181,170,169,186,192,169,146,123,177,251,210,66,4,0,0
3,25,64,141,236,102,116,171,175,174,169,174,183,188,195,184,184,196,187,182,149,93,37,18,5,1,2,0,0,0,0,6,19,34,41,39,33,14,3,0,0,0,0,0,0,0,0,0,0,0,1,15,69,123,137,121,115,88,38,0,16,54,120,190,179,196,172,117,81,53,52,35,0,0,0,0,24,112,230,255,255,255,255,252,252,254,254,254,254,254,255,241,78,4,0,2,4,4,2,0,1,16,130,162,62,8,27,114,191,192,176,169,170,175,178,170,178,191,189,156,136,187,248,196,67,7,0,0
0,30,65,134,238,133,104,137,172,169,168,176,185,185,188,186,190,199,197,177,131,69,14,2,0,0,0,0,0,0,14,46,73,106,116,111,110,78,26,0,0,0,0,0,14,54,65,70,50,13,1,4,44,90,110,124,91,41,21,61,97,125,161,198,184,187,163,111,59,26,40,36,0,0,0,0,41,167,241,255,253,254,253,253,253,253,253,253,253,253,255,249,152,49,0,6,30,19,5,0,1,12,129,146,27,3,62,128,171,186,172,177,177,172,185,175,171,183,197,157,154,205,243,177,63,8,0,0
1,41,73,132,238,147,85,111,178,170,180,184,184,186,165,174,180,180,196,167,121,61,3,3,2,0,0,0,3,10,53,125,155,188,190,184,203,185,75,0,0,0,8,20,79,194,226,241,183,72,9,0,35,67,69,108,47,23,93,210,245,252,252,253,253,253,248,197,80,23,24,23,0,0,0,0,50,197,247,255,253,253,254,252,253,254,254,253,254,254,254,254,252,119,1,10,67,38,7,0,1,16,115,115,2,12,91,150,171,174,178,185,190,185,166,174,182,190,192,146,175,229,238,157,42,0,0,0
0,27,58,127,238,147,73,100,184,171,176,180,182,183,167,174,181,176,172,171,122,50,2,0,0,0,0,2,25,69,124,180,231,229,232,245,248,245,123,17,0,2,73,162,226,247,252,255,250,193,41,1,46,100,97,32,46,136,231,249,254,255,255,254,254,254,254,249,215,69,10,3,0,0,0,0,56,217,251,255,253,253,252,252,253,253,252,254,254,254,253,253,255,161,47,12,79,54,16,0,1,13,53,47,13,87,177,196,178,186,187,194,187,171,172,183,183,196,216,143,179,238,227,109,23,0,0,0
0,21,41,108,238,165,60,76,187,179,173,182,186,168,164,186,192,180,184,174,114,44,6,0,0,0,2,18,90,149,192,227,253,250,250,255,255,255,119,3,28,150,201,237,255,255,254,254,255,235,119,25,21,70,89,6,120,231,255,254,254,253,254,253,254,253,253,255,255,197,71,0,0,0,0,0,59,225,253,255,253,253,253,246,247,251,252,254,254,254,253,254,255,185,74,17,110,77,23,0,0,4,9,28,74,146,196,185,164,180,167,170,178,180,174,206,207,203,203,113,169,246,216,44,4,0,0,0
0,11,25,97,240,195,64,58,181,179,162,170,184,175,162,182,190,182,191,156,86,24,5,0,0,0,10,71,171,218,235,251,254,255,255,253,253,255,102,20,120,247,255,255,254,253,253,253,255,241,169,41,7,39,67,87,202,255,253,253,253,253,253,253,254,253,252,252,255,255,180,67,0,0,0,0,53,207,249,255,253,252,254,248,245,247,253,252,254,254,254,255,255,202,96,22,118,93,37,4,0,0,3,60,150,174,194,183,165,169,175,169,175,187,178,202,210,206,186,91,176,223,143,8,0,0,0,0
0,0,8,86,242,230,83,44,155,176,158,159,180,192,169,171,179,184,189,129,52,4,0,0,0,4,47,156,233,254,252,255,253,254,254,253,253,255,111,81,224,251,255,253,253,254,254,253,255,242,171,41,12,38,70,204,250,255,254,253,252,253,253,252,254,252,252,252,253,254,255,176,18,2,0,0,42,170,241,255,253,251,251,253,249,248,252,241,247,253,254,254,255,221,129,36,104,105,59,13,1,0,42,127,201,175,188,191,179,169,190,183,178,185,188,178,193,206,174,87,195,181,41,3,0,0,0,0
0,0,0,61,243,255,102,17,99,183,181,180,188,181,186,177,177,192,204,117,42,7,0,0,0,38,132,238,255,254,253,253,253,253,253,253,252,255,166,155,252,254,253,253,254,253,253,253,255,240,162,38,11,58,126,233,255,253,254,253,253,254,252,250,252,252,252,253,254,253,255,207,94,11,0,0,30,131,234,255,254,252,246,245,250,255,250,218,227,245,254,254,252,246,178,77,107,118,74,16,1,0,110,201,199,171,169,173,178,184,156,168,178,181,202,175,192,204,155,88,193,153,0,0,0,0,0,0
0,0,5,80,245,255,105,0,38,149,193,190,177,181,180,175,185,200,187,121,49,5,0,0,0,79,210,253,255,254,254,254,253,253,253,254,254,254,235,234,255,254,254,253,253,254,254,253,255,236,144,33,1,68,188,246,255,253,254,254,253,251,251,253,250,249,251,253,253,254,255,249,191,22,0,0,10,66,220,255,253,254,252,230,239,255,252,244,221,224,247,253,254,253,224,172,152,112,53,6,2,18,143,218,193,195,193,178,166,176,188,191,178,166,188,199,226,203,114,95,126,82,0,0,0,0,0,0
0,0,3,70,222,255,128,11,12,91,178,199,179,173,174,167,178,200,190,133,52,0,0,0,8,116,249,254,254,253,254,253,254,253,253,254,254,254,255,255,255,254,253,254,254,254,254,254,255,233,129,28,4,87,227,252,254,253,253,252,249,251,250,244,243,241,246,253,252,254,253,255,226,50,3,0,0,30,215,255,253,254,253,240,241,250,254,255,240,236,246,253,254,254,248,235,213,136,58,11,4,34,154,222,194,193,192,186,183,185,185,182,182,182,179,191,209,173,85,106,67,21,0,0,0,0,0,0
0,0,0,45,180,245,162,50,5,36,128,180,181,165,171,169,180,203,204,128,42,0,0,0,52,161,255,254,254,254,254,253,254,254,254,253,253,254,253,251,250,253,254,253,252,253,253,253,255,231,120,25,12,105,246,255,254,254,253,249,246,251,249,239,242,238,242,250,250,253,253,255,227,81,14,0,0,18,196,255,255,253,253,254,244,242,254,255,255,249,239,246,253,254,255,255,252,171,78,16,5,44,156,221,202,189,183,184,190,189,170,174,193,201,181,185,189,151,81,87,29,0,0,0,0,0,0,0
0,0,0,25,121,231,201,91,0,4,57,127,172,169,179,185,196,210,208,99,22,0,0,0,102,206,255,254,254,254,254,253,253,254,254,254,253,254,255,249,241,253,255,251,247,250,251,253,255,229,110,22,20,116,251,255,254,254,254,249,248,250,251,248,252,246,243,246,251,252,253,255,232,109,24,0,0,14,146,230,255,253,254,255,240,233,248,250,253,234,214,237,251,254,253,255,254,187,86,9,5,48,153,218,208,201,190,177,173,178,175,188,200,200,190,203,184,140,91,36,7,0,0,0,0,0,0,0
0,0,0,2,36,208,253,146,0,0,11,79,160,197,219,195,184,199,188,71,8,0,0,0,104,209,255,253,254,254,252,250,253,254,254,254,252,254,254,250,245,254,255,251,245,243,252,254,255,224,84,13,38,140,251,255,254,254,253,254,251,252,254,253,253,251,248,247,253,253,253,255,240,157,41,0,0,7,66,191,255,254,253,253,240,225,221,222,235,208,184,244,254,254,253,255,254,179,77,6,4,35,148,221,208,200,203,193,184,192,185,181,179,181,192,200,119,57,80,16,0,0,0,0,0,0,0,0
0,0,0,0,10,126,229,168,0,0,0,26,98,197,212,194,201,212,146,41,0,0,0,0,142,243,255,253,253,254,253,251,254,254,254,253,253,255,251,245,247,255,240,242,247,234,251,255,255,223,80,11,46,151,252,254,254,254,252,247,251,254,254,254,252,253,249,247,254,247,250,255,250,212,60,0,0,1,13,168,255,254,253,254,247,228,207,219,216,198,199,250,254,254,253,253,253,162,59,0,2,27,142,209,185,190,209,205,191,189,182,189,194,193,193,171,95,48,65,10,0,0,0,0,0,0,0,0
0,0,0,0,4,54,163,170,57,6,0,0,37,127,186,192,201,195,98,21,0,0,2,25,176,255,254,254,253,254,254,253,253,253,254,255,253,223,231,246,235,203,224,246,245,230,250,255,255,220,66,8,28,126,251,254,254,254,251,242,250,254,253,254,253,253,251,250,253,246,249,254,255,241,70,0,0,0,0,117,225,255,253,254,253,240,220,225,222,218,226,252,255,253,252,252,253,187,77,0,1,11,111,189,193,194,202,201,195,191,187,192,195,196,200,109,84,80,35,5,0,0,0,0,0,0,0,0
0,0,0,0,2,20,80,147,149,17,0,0,5,39,145,176,182,161,55,9,0,0,10,84,203,255,253,254,253,254,253,252,252,253,254,254,238,144,154,213,224,135,215,254,239,237,251,254,255,215,41,1,2,88,248,255,254,253,249,244,251,253,252,254,254,253,254,254,253,251,251,252,255,247,72,0,0,0,0,45,153,255,254,253,254,252,244,236,243,246,246,253,254,253,252,252,254,229,118,4,0,0,76,171,218,207,198,196,200,202,194,185,180,183,184,49,69,99,6,0,0,0,0,0,0,0,0,0
0,0,0,0,1,12,8,92,188,27,0,0,0,10,86,132,164,149,28,1,0,0,19,158,235,255,253,253,254,254,252,251,253,252,254,245,195,56,18,116,228,135,214,247,236,253,253,253,255,211,22,0,0,76,240,255,255,252,249,251,252,252,252,253,253,253,253,254,253,254,253,252,255,248,73,0,1,0,0,0,95,245,254,254,254,253,253,254,253,251,250,254,254,253,252,253,254,242,145,31,2,0,73,165,217,211,209,207,208,208,190,176,174,167,118,38,53,66,2,0,0,0,0,0,0,0,0,0
0,0,0,0,1,7,4,65,147,73,17,0,0,2,23,98,144,116,35,5,0,0,24,202,255,255,253,254,253,253,252,253,254,255,250,215,132,53,4,73,208,202,235,248,246,254,254,253,255,212,21,0,11,90,224,252,255,252,247,245,252,254,254,254,253,253,253,253,253,254,254,254,255,241,69,0,13,1,0,0,39,139,245,255,253,254,254,254,254,253,253,254,254,253,253,253,254,241,156,49,5,25,84,156,203,188,187,207,212,183,190,182,173,137,36,78,64,16,0,0,0,0,0,0,0,0,0,0
0,0,0,0,0,2,25,51,78,125,38,0,0,0,1,41,77,76,34,7,0,0,30,217,255,254,253,253,253,252,253,251,249,254,244,177,66,145,158,176,233,243,242,245,251,254,254,255,253,195,19,0,25,97,197,247,255,253,250,249,253,254,254,254,255,255,253,252,254,254,254,255,234,114,71,51,28,1,0,0,6,54,174,241,255,253,254,254,254,253,254,254,254,254,253,254,255,253,162,41,5,27,93,154,184,196,197,206,211,198,187,184,144,78,47,74,42,0,0,0,0,0,0,0,0,0,0,0
0,0,0,0,0,0,26,39,50,132,55,3,0,0,0,4,29,53,28,6,0,0,31,219,255,254,254,253,251,253,253,251,248,255,224,155,105,224,255,255,255,255,245,246,253,254,254,255,235,155,15,0,42,99,148,239,255,254,253,254,254,254,255,255,252,255,255,255,255,254,254,253,199,18,47,61,27,3,0,0,0,10,76,185,244,255,254,254,253,253,254,254,254,253,253,254,255,255,156,16,2,12,81,151,187,206,212,212,210,204,174,169,104,30,96,59,17,0,0,0,0,0,0,0,0,0,0,0
0,0,0,0,0,0,2,31,77,84,75,34,0,0,0,2,22,42,20,4,0,0,28,218,255,253,254,254,251,253,254,253,254,255,204,168,226,230,244,253,249,251,251,252,253,254,253,255,207,98,10,1,57,96,98,222,255,254,253,254,254,254,246,226,205,213,226,239,254,254,255,231,147,18,6,13,16,24,10,2,0,0,4,90,183,241,254,254,254,254,253,253,254,254,254,254,255,246,126,0,0,0,59,141,199,200,211,219,209,179,161,145,89,46,116,53,8,0,0,0,0,0,0,0,0,0,0,0
0,0,0,0,0,0,0,42,97,25,110,82,0,0,0,0,3,5,2,0,0,0,33,219,255,254,253,254,254,254,253,253,254,237,218,222,245,190,216,252,248,240,248,253,253,253,253,255,177,38,5,17,51,75,93,181,238,255,253,253,255,244,184,90,60,42,70,148,243,255,255,198,74,9,11,11,31,86,51,16,0,0,0,9,56,148,247,253,253,254,255,255,254,254,254,254,250,158,55,0,1,10,65,123,159,192,206,210,196,169,173,141,142,154,77,30,7,0,0,0,0,0,0,0,0,0,0,0
0,0,0,0,0,0,0,17,53,62,57,82,77,1,0,0,0,0,0,0,0,1,43,221,255,253,253,253,253,253,253,253,254,247,243,247,251,201,217,248,252,250,251,253,254,253,254,255,164,6,2,40,72,77,77,156,228,255,254,255,247,143,53,46,43,34,35,63,126,230,249,192,96,14,101,94,38,59,77,69,39,8,0,0,8,35,82,160,213,243,255,255,217,231,246,210,140,57,10,0,0,2,64,123,153,193,209,189,178,210,208,218,176,93,55,16,1,0,0,0,0,0,0,0,0,0,0,0
0,0,0,0,0,0,0,1,20,80,25,70,123,52,7,0,0,0,0,0,0,6,56,223,255,253,253,253,253,253,253,253,254,250,251,255,253,233,238,249,253,255,253,253,254,255,255,201,91,0,0,34,47,45,58,112,210,255,246,211,174,74,9,26,30,41,34,41,114,227,251,225,161,20,96,116,60,28,80,75,53,42,34,7,0,0,0,55,95,118,129,129,98,108,119,92,41,7,0,0,0,0,43,101,152,208,206,189,190,218,236,231,142,26,24,6,0,0,0,0,0,0,0,0,0,0,0,0
0,0,0,0,0,0,0,0,8,53,42,58,99,113,33,2,0,0,0,0,0,4,52,222,255,254,253,254,254,253,253,253,254,249,250,254,255,255,255,254,253,254,253,253,255,253,225,102,11,4,31,48,19,27,103,87,184,255,239,168,83,45,35,25,15,40,45,61,144,234,255,255,215,46,48,100,117,79,91,97,103,107,92,33,1,0,0,0,0,0,0,0,0,0,0,0,0,0,0,0,0,0,15,56,119,187,190,207,225,219,252,171,63,2,0,0,0,0,0,0,0,0,0,0,0,0,0,0
0,0,0,0,0,0,0,0,1,12,75,53,40,125,77,25,0,0,0,0,0,0,27,217,255,254,253,254,253,253,253,253,253,253,253,253,253,254,253,253,253,253,253,254,255,239,125,34,0,25,108,119,52,78,226,113,169,241,245,191,55,26,49,50,31,51,68,76,108,224,255,255,230,102,61,107,181,209,144,192,223,188,152,93,39,8,1,0,0,0,0,0,0,0,0,0,0,0,0,0,0,0,0,12,45,100,170,227,255,252,245,95,0,1,0,0,0,0,0,0,0,0,0,0,0,0,0,0
0,0,0,0,0,0,0,0,0,2,48,61,64,100,118,74,23,0,0,0,0,0,25,210,255,255,254,253,253,253,253,253,253,254,254,254,253,254,254,253,253,253,254,255,248,201,50,0,21,74,121,132,113,147,225,121,192,255,253,237,122,54,44,61,57,43,45,74,130,230,255,255,232,113,69,75,123,195,228,199,204,245,237,227,180,96,11,0,0,0,0,0,0,0,0,0,0,0,0,0,0,0,0,1,7,26,181,255,255,244,138,41,0,0,0,0,0,1,2,0,0,0,0,0,0,0,0,0
0,0,0,0,0,0,0,0,0,0,19,68,92,61,100,115,66,0,0,0,0,0,11,93,211,255,255,255,254,253,254,253,253,254,254,254,253,254,254,253,253,253,255,255,216,82,10,0,44,125,146,136,123,132,144,75,185,255,254,252,194,95,46,70,59,45,52,107,206,245,254,255,243,174,60,39,76,89,115,152,203,250,255,255,247,207,159,114,30,0,0,0,0,0,0,0,0,0,0,0,0,0,0,0,14,138,230,255,253,219,63,7,1,0,0,0,2,3,1,0,0,0,0,0,0,0,0,0
0,0,0,0,0,0,0,0,0,0,2,56,95,62,75,113,110,56,0,0,0,0,1,7,103,160,176,235,254,255,255,253,253,253,254,253,253,253,254,254,255,255,255,229,136,4,0,4,62,145,166,163,149,127,91,30,170,255,253,253,239,178,118,85,34,19,82,186,254,254,253,255,246,190,79,41,42,14,31,99,139,149,198,204,227,255,255,225,144,59,5,0,0,0,0,0,0,0,3,7,10,4,0,22,114,241,255,255,229,124,19,0,1,0,0,2,4,4,0,0,0,0,0,0,0,0,0,0
0,0,0,0,0,0,0,0,0,0,0,25,70,100,72,79,121,137,53,15,1,0,0,0,0,0,36,158,221,246,253,255,255,255,255,255,255,254,255,255,249,237,214,132,40,3,12,32,88,159,189,210,203,158,83,12,163,255,253,253,255,255,224,133,39,20,133,255,255,253,253,255,239,148,107,70,29,8,59,69,34,13,84,92,135,193,222,231,240,172,68,34,26,15,4,0,0,0,14,33,32,8,16,110,242,254,255,247,166,9,0,0,0,0,1,5,5,2,0,0,0,0,0,0,0,0,0,0
0,0,0,0,0,0,0,0,0,0,0,0,36,113,78,62,68,114,211,101,24,5,2,0,0,0,2,21,111,184,226,246,248,249,249,250,251,249,249,239,208,151,55,9,3,10,79,88,138,229,246,243,224,159,55,11,166,255,254,253,253,254,252,231,151,161,215,255,253,253,253,255,231,133,78,74,62,16,83,62,19,3,9,9,11,33,78,117,125,173,216,160,135,80,26,5,2,0,35,71,49,14,126,234,253,253,255,169,55,3,0,0,0,0,2,4,3,0,0,0,0,0,0,0,0,0,0,0
0,0,0,0,0,0,0,0,0,0,0,0,17,72,96,74,49,62,133,191,202,141,31,0,0,0,0,0,24,46,58,69,96,126,136,144,168,127,108,87,54,36,6,0,4,57,187,217,226,252,255,255,185,100,78,71,190,255,253,254,253,253,255,253,233,237,248,255,255,255,255,221,141,109,107,118,97,39,88,79,54,36,4,0,0,1,14,25,28,46,69,70,85,74,54,43,47,43,36,32,51,160,231,255,255,255,157,59,8,0,0,0,0,0,2,2,1,0,0,0,0,0,0,0,0,0,0,0
0,0,0,0,0,0,0,0,0,0,0,0,4,29,98,87,57,43,47,172,250,233,153,98,23,0,0,0,0,0,0,0,12,30,35,40,59,33,20,8,0,0,0,49,117,171,245,255,255,255,234,165,99,79,107,125,217,255,255,255,255,255,254,254,255,255,255,255,254,175,160,123,45,48,159,182,105,28,91,98,95,89,32,3,0,0,0,0,0,0,0,12,65,69,54,55,59,53,58,91,160,244,255,255,229,158,62,9,0,0,0,0,0,1,1,0,0,0,0,0,0,0,0,0,0,0,0,0
1,0,0,0,0,0,0,0,0,0,0,0,0,5,65,88,74,43,27,84,191,255,255,213,120,37,0,0,0,0,0,0,0,12,29,30,2,0,0,0,12,43,77,154,232,255,255,254,228,186,150,51,30,87,154,133,166,215,246,250,233,245,255,254,254,254,255,244,197,85,63,44,0,15,172,184,85,33,94,103,109,112,61,33,12,0,0,0,0,0,0,6,77,63,33,43,41,54,95,162,233,249,222,183,135,49,13,1,0,0,0,1,1,1,0,0,0,0,0,0,0,0,0,0,0,0,0,0
2,1,0,0,0,0,0,0,0,0,0,0,0,1,9,68,80,45,53,15,123,247,255,254,255,161,29,11,2,0,0,0,1,48,106,111,31,4,4,22,69,162,230,255,254,253,242,218,133,33,31,23,20,87,197,114,45,90,192,207,159,188,240,255,254,254,255,213,79,80,80,50,17,50,123,98,51,89,96,95,93,88,78,89,51,6,0,2,1,0,0,10,78,53,20,38,29,73,115,137,155,195,119,33,12,19,6,0,0,0,0,2,2,1,0,0,0,0,0,0,0,0,0,0,0,0,0,0
0,0,0,0,0,0,0,0,0,0,0,0,0,0,1,21,58,78,36,35,55,133,251,255,255,245,194,92,18,0,0,0,1,49,97,109,75,15,48,124,190,237,254,255,255,235,140,62,17,9,32,35,39,62,112,170,66,6,37,63,61,39,106,253,255,254,255,197,31,131,106,71,92,64,75,41,33,114,102,95,92,89,94,105,83,38,3,16,7,0,9,47,88,78,63,72,61,62,61,61,68,48,19,19,37,7,0,0,0,0,1,1,0,0,0,0,0,0,0,0,0,0,0,0,0,0,0,0
0,0,0,0,0,0,0,0,0,0,0,0,0,0,0,2,22,51,57,27,21,77,182,246,255,255,250,205,160,58,0,0,11,60,89,94,92,61,94,154,197,207,185,156,126,95,53,16,11,38,68,53,49,43,31,65,62,41,36,69,93,72,86,169,243,255,249,180,42,126,109,78,96,92,41,19,54,117,99,110,103,78,89,92,83,66,49,39,32,21,24,63,91,80,65,70,64,63,53,47,55,16,30,40,16,1,0,0,0,0,1,0,0,0,0,0,0,0,0,0,0,0,0,0,0,0,0,0
0,0,0,0,0,0,0,0,0,0,0,0,0,0,0,0,1,18,57,42,22,32,95,206,250,255,255,255,251,170,86,47,10,40,65,69,73,67,80,102,115,105,79,51,24,3,7,18,40,64,72,55,46,41,27,0,36,69,80,101,118,125,101,92,232,255,231,154,50,105,108,87,80,79,19,30,86,111,96,112,106,78,82,83,79,79,81,51,54,51,45,68,79,79,70,57,56,62,59,59,68,29,38,34,0,0,0,0,0,0,0,0,0,0,0,0,0,0,0,0,0,0,0,0,0,0,0,0
0,0,0,0,0,0,0,0,0,0,0,0,0,0,0,0,0,4,26,56,42,19,41,136,205,243,255,255,255,255,230,148,63,33,37,47,49,45,35,35,40,14,1,0,2,11,7,39,69,73,53,51,45,49,63,26,16,50,95,103,104,127,101,64,228,255,216,127,42,96,106,91,75,39,5,44,101,103,90,97,99,89,87,86,77,74,81,57,60,67,67,66,65,82,81,52,50,62,65,66,70,33,15,7,0,0,0,0,0,0,0,0,0,0,0,0,0,0,0,0,0,0,0,0,0,0,0,0
0,0,0,0,0,0,0,0,0,0,0,0,0,0,0,0,0,0,2,10,56,80,49,66,106,182,251,249,246,251,253,246,234,122,53,49,57,65,40,41,61,9,0,0,18,55,43,77,98,80,57,63,63,55,53,73,29,25,69,96,105,117,92,73,229,255,208,114,42,103,91,75,81,32,7,37,86,100,74,85,94,92,105,90,69,60,68,77,51,61,85,58,71,79,73,59,48,74,77,58,47,18,3,0,0,0,0,0,1,1,0,0,0,0,0,0,0,0,0,0,0,0,0,0,0,0,0,0
0,0,0,0,0,0,0,0,0,0,0,0,0,0,0,0,0,0,0,1,14,42,76,87,100,135,167,152,116,191,255,255,255,232,169,101,71,61,50,58,67,14,0,28,71,90,84,84,87,82,60,67,65,58,63,76,55,28,29,72,97,121,109,97,233,255,232,150,35,88,98,87,82,65,71,84,99,108,77,93,96,81,101,88,67,63,76,68,58,68,83,71,59,66,61,42,68,87,84,56,13,3,0,0,0,0,0,0,0,0,0,0,0,0,0,0,0,0,0,0,0,0,0,0,0,0,0,0
0,0,0,0,0,0,0,0,0,0,0,0,0,0,0,0,0,0,0,0,0,9,43,92,127,135,127,123,83,90,140,199,220,194,159,128,102,66,61,76,75,21,11,50,93,93,87,81,79,77,69,74,66,56,58,58,76,69,54,82,104,119,108,105,213,252,245,169,31,76,91,83,85,96,96,97,97,92,78,87,88,80,90,89,74,70,85,78,71,72,75,67,58,67,64,50,81,84,59,23,0,0,0,0,0,0,0,0,0,0,0,0,0,0,0,0,0,0,0,0,0,0,0,0,0,0,0,0
0,0,0,0,0,0,0,0,0,0,0,0,0,0,0,0,0,0,0,0,0,0,4,53,114,139,131,127,93,37,32,94,124,94,93,115,110,76,72,86,85,40,35,64,92,92,77,82,84,78,75,73,66,60,60,63,89,94,84,99,105,104,93,102,208,250,253,181,26,60,87,82,72,100,88,87,92,80,75,82,82,75,81,82,80,79,81,86,78,74,73,63,68,71,69,66,77,59,23,0,0,0,0,0,0,0,0,0,0,0,0,0,0,0,0,0,0,0,0,0,0,0,0,0,0,0,0,0
0,0,0,0,0,0,0,0,0,0,0,0,0,0,0,0,0,0,0,0,0,0,0,1,62,125,147,120,79,60,37,5,22,41,65,84,86,80,78,88,93,64,58,70,89,100,79,87,96,88,73,63,65,71,78,93,94,81,77,100,91,87,79,99,233,255,255,198,22,43,97,92,46,80,75,82,94,88,71,88,84,62,77,68,82,88,69,79,76,76,79,70,75,69,66,71,65,26,3,0,0,0,0,0,0,0,0,0,0,0,0,0,0,0,0,0,0,0,0,0,0,0,0,0,0,0,0,0
