73,76,71,81,85,80,92,87,86,100,85,73,84,67,61,57,60,62,74,60,65,73,68,67,71,72,70,74,77,66,84,71,59,61,68,64,57,63,64,56,68,62,62,59,69,67,57,59,54,52,58,63,56,57,55,50,49,68,72,52,49,49,68,74,72,68,55,49,43,71,64,45,51,61,52,55,49,56,51,64,71,57,68,62,65,60,51,64,68,63,68,78,74,84,73,62,61,65,67,63,72,82,86,77,67,59,67,70,79,72,66,65,62,67,72,75,84,89,76,73,73,65,81,75,78,77,82,68
74,81,72,73,80,71,79,90,87,104,98,85,89,84,69,70,65,68,78,73,68,77,70,71,75,90,82,81,82,78,82,79,72,77,74,74,69,75,72,68,75,69,68,71,61,72,68,81,63,59,66,65,67,60,54,49,56,75,62,57,54,58,71,76,68,71,70,63,61,69,71,57,55,65,61,66,58,60,64,66,75,52,74,72,62,64,62,72,70,67,69,83,82,82,73,71,70,65,71,71,85,87,88,67,66,66,79,85,86,72,64,70,66,74,80,84,89,85,75,73,82,82,81,86,84,87,76,77
71,76,71,70,72,82,72,83,85,93,102,97,95,102,95,77,71,65,71,77,84,83,74,73,62,75,85,92,89,94,92,78,71,84,82,79,76,78,80,80,79,75,68,67,58,64,66,81,71,52,63,59,76,65,53,52,60,65,57,67,60,61,69,66,68,72,77,75,83,72,65,57,57,72,62,54,56,60,62,66,71,66,77,67,75,82,69,74,80,85,76,85,84,80,73,71,67,70,78,77,91,82,79,61,70,85,86,91,74,70,74,76,77,85,88,90,81,75,78,88,89,80,83,92,79,79,74,84
70,82,74,79,71,79,69,68,86,85,99,94,90,79,105,85,79,76,82,73,73,83,73,80,61,62,68,80,81,87,97,96,79,76,76,76,83,81,77,78,85,93,72,61,56,58,73,88,70,51,56,52,68,65,51,49,65,68,53,65,68,54,73,75,63,54,67,77,74,59,64,62,62,68,55,56,63,66,64,74,75,77,62,58,72,69,73,73,81,71,60,67,80,70,64,70,65,65,71,83,82,80,72,69,76,82,83,90,69,75,65,73,85,84,78,79,82,81,89,80,77,85,89,89,74,81,82,79
61,76,76,80,73,74,85,71,74,74,88,93,98,80,97,106,76,73,74,84,73,86,85,88,74,64,68,80,82,73,86,93,83,63,79,70,94,90,78,80,82,96,82,76,61,68,69,79,77,61,54,57,78,74,61,57,72,71,64,70,72,73,74,71,65,62,73,88,75,54,52,57,66,65,58,62,69,67,61,68,62,77,72,68,75,73,81,68,71,63,75,75,97,83,72,76,73,69,83,97,92,86,70,79,79,81,80,78,76,73,65,91,79,68,83,91,91,84,80,88,96,93,90,75,64,84,80,75
71,67,76,77,80,74,74,71,80,75,80,82,91,96,80,103,94,80,71,84,69,73,77,84,86,72,73,68,74,64,71,78,107,90,84,76,81,77,83,80,72,86,88,82,71,82,84,70,75,76,61,64,70,73,66,69,70,78,69,68,74,77,75,58,57,75,73,86,81,68,61,75,69,53,56,73,97,75,65,79,77,85,70,66,68,71,80,66,71,75,80,87,97,81,76,84,76,77,83,97,80,71,84,78,75,73,82,90,82,73,83,89,68,72,95,92,86,89,93,103,89,84,77,66,85,99,81,77
80,71,73,75,72,80,78,70,75,76,78,87,87,96,93,82,84,92,79,88,82,86,87,88,92,76,73,85,90,88,89,69,83,103,78,74,83,73,93,90,87,83,97,94,80,82,80,82,78,82,71,68,66,68,78,78,74,78,74,75,82,71,79,66,68,83,68,80,77,74,65,78,74,66,75,83,94,74,74,77,79,77,66,70,77,85,90,88,82,81,81,96,98,92,88,96,84,86,86,99,64,79,87,77,80,76,95,99,87,83,81,74,72,84,107,90,90,94,92,96,86,80,78,80,85,76,66,71
74,73,74,73,70,77,76,80,77,87,80,84,86,87,99,97,73,92,90,82,77,71,86,89,92,89,79,87,80,80,89,83,73,99,93,88,88,79,81,72,70,78,87,94,76,77,75,83,77,87,83,69,66,64,85,71,63,74,78,70,80,67,78,80,73,73,66,72,85,81,71,79,86,80,83,89,82,85,85,91,87,77,72,92,94,94,100,93,85,81,88,91,94,91,95,98,86,89,96,95,81,96,98,88,75,87,100,102,86,76,73,88,95,111,100,87,89,88,90,88,75,74,73,71,70,71,63,68
73,72,73,75,73,72,67,76,75,79,85,95,84,78,97,108,85,82,97,93,87,81,86,96,95,81,89,102,83,75,67,82,63,78,83,93,85,93,87,78,82,85,79,88,94,77,81,88,71,74,78,69,63,60,82,76,77,80,77,82,81,73,84,92,86,69,65,69,89,84,93,87,84,78,73,90,73,87,90,88,83,82,76,92,97,90,88,80,92,83,88,89,104,101,90,96,97,98,97,92,91,83,98,79,79,90,95,95,73,79,89,103,93,100,88,103,99,100,100,80,76,73,69,75,79,74,70,78
79,87,76,74,77,86,85,80,76,74,70,81,97,83,87,92,87,88,94,92,84,88,75,84,92,77,85,99,79,81,73,87,87,81,78,83,91,90,86,78,80,84,93,88,88,70,79,88,76,66,84,88,74,81,87,84,83,82,85,86,79,76,86,87,89,79,77,74,79,76,88,73,70,90,88,88,82,88,96,90,78,94,99,99,99,91,92,93,93,74,85,90,102,99,87,84,84,77,82,86,91,78,97,85,98,90,90,100,93,88,84,96,87,89,97,111,95,90,87,68,82,83,82,93,86,74,82,93
74,75,75,77,74,75,70,76,77,76,86,77,76,85,98,99,87,76,81,84,92,104,102,90,93,82,87,105,93,90,75,81,89,89,86,75,89,88,82,85,79,73,89,91,91,83,88,85,84,76,77,81,81,89,79,88,83,82,90,79,77,82,87,95,94,82,91,92,82,80,83,75,81,88,86,99,87,88,99,94,81,84,93,90,98,92,93,90,90,84,87,96,100,99,83,79,96,82,95,98,86,74,92,89,87,79,92,105,85,81,86,87,85,103,113,106,89,87,88,71,83,77,79,81,70,78,100,90
84,90,77,81,71,72,71,80,82,73,87,94,82,81,91,90,96,92,92,80,79,97,104,114,105,97,85,107,98,95,85,92,84,81,91,79,87,70,66,81,81,94,95,94,90,82,86,72,89,90,78,86,93,94,79,91,85,100,97,80,78,79,79,84,89,94,87,95,84,90,97,91,92,100,97,96,93,89,89,94,94,81,102,100,100,90,89,87,106,90,87,90,95,97,84,93,112,92,102,86,83,84,99,104,92,89,95,101,76,84,83,76,103,112,103,89,77,82,84,79,86,75,77,79,78,83,86,67
70,89,85,90,91,79,61,72,80,74,72,79,77,84,103,101,91,85,87,90,83,95,102,108,96,114,91,97,103,86,83,95,94,78,99,99,106,84,81,89,86,92,103,105,105,82,88,85,88,86,83,80,87,92,94,104,86,99,93,85,77,88,87,92,98,99,85,87,84,89,93,91,95,83,95,99,95,89,91,90,75,80,104,99,104,90,90,89,115,96,93,84,103,101,99,103,103,93,89,78,78,90,109,114,90,94,100,102,96,98,92,98,119,105,95,82,85,78,68,75,69,79,79,84,78,74,70,60
66,80,83,77,94,87,70,70,77,85,88,79,74,72,94,106,103,95,88,90,84,91,93,100,100,113,115,108,103,93,82,78,92,91,79,94,97,81,72,80,84,77,92,100,101,81,82,80,93,77,87,95,99,113,101,109,100,92,91,82,74,88,81,95,94,78,73,83,89,93,88,90,93,82,97,98,89,85,92,90,87,102,103,97,104,100,103,84,106,81,76,93,98,111,111,89,96,98,84,82,97,94,101,95,81,87,88,92,97,82,94,112,118,100,96,82,86,74,79,79,75,89,79,78,66,70,70,61
64,79,82,80,90,98,86,74,75,72,85,87,76,75,84,106,93,90,79,89,90,86,86,85,83,103,111,114,120,115,94,93,88,97,87,89,84,70,67,86,91,87,91,103,102,93,92,81,88,84,74,77,75,114,103,88,102,85,84,85,81,90,82,91,96,87,100,99,89,107,98,90,87,98,101,97,94,89,98,94,96,103,82,91,103,93,98,92,102,90,84,101,82,105,100,102,102,96,88,96,101,98,116,98,103,106,100,111,110,96,105,98,95,81,91,81,84,67,71,70,78,86,80,77,78,77,75,61
55,68,68,79,76,93,86,76,84,78,75,94,72,73,70,95,108,103,94,83,87,87,96,98,92,108,121,113,117,118,114,109,101,97,101,96,87,75,73,79,80,91,103,104,120,110,86,80,79,78,79,86,93,103,99,89,111,92,95,104,82,83,86,87,93,85,95,94,95,99,100,105,106,113,99,89,89,96,103,108,116,99,84,95,107,103,95,91,93,84,97,114,103,110,105,110,88,88,96,109,117,108,97,101,120,109,103,112,113,104,100,105,97,88,89,76,75,76,81,71,85,78,71,74,69,68,73,57
58,65,66,73,70,86,92,86,92,92,79,101,88,82,81,75,103,103,105,99,100,92,103,97,89,93,112,122,113,118,116,106,105,95,91,108,99,100,93,96,99,87,92,88,94,118,102,89,97,97,87,85,97,99,111,90,106,103,110,97,83,91,85,91,87,69,85,85,105,107,105,106,112,118,106,96,95,105,106,115,120,94,83,88,95,103,99,95,89,89,112,104,102,100,117,107,82,100,114,111,108,98,102,117,119,103,101,111,109,101,93,93,91,89,89,83,92,84,80,85,100,81,88,82,68,75,78,67
65,61,67,72,69,76,65,79,77,83,80,100,104,91,85,69,91,97,105,98,98,93,90,99,95,106,98,117,121,120,130,120,109,107,88,97,98,104,92,95,102,98,100,105,96,97,110,114,89,100,94,100,96,112,104,98,101,95,119,105,91,91,102,90,88,86,89,92,92,81,91,101,105,104,118,99,98,100,111,107,102,99,84,81,89,121,100,84,75,88,117,116,112,107,107,92,101,119,101,99,99,92,100,102,94,98,106,113,100,94,86,82,99,88,85,84,83,65,86,93,87,86,90,82,75,82,76,62
72,62,67,74,70,76,64,75,84,79,77,85,91,103,104,75,83,94,98,115,108,103,87,87,83,98,107,117,127,112,107,108,114,106,102,92,96,107,109,105,109,102,104,115,109,94,97,120,111,109,88,109,92,106,104,108,109,96,127,116,108,84,103,97,94,101,99,100,104,104,99,100,100,107,124,100,92,91,110,105,101,95,96,95,101,113,90,83,85,102,119,112,102,99,91,100,114,96,92,96,91,89,109,98,90,108,111,113,100,95,84,84,101,83,94,90,78,76,95,88,85,85,71,72,63,76,64,59
78,68,70,69,82,86,73,75,83,86,89,89,95,96,100,95,85,98,96,100,109,112,108,96,97,98,101,91,111,110,108,106,124,110,106,101,100,92,101,106,109,114,98,101,108,116,119,109,114,104,97,110,98,97,102,119,114,106,121,108,114,107,103,113,110,109,110,104,101,111,95,107,104,85,92,91,82,99,101,98,107,98,103,83,84,91,113,111,98,108,116,113,105,95,99,105,114,91,113,103,99,96,96,89,92,116,120,100,87,70,72,79,97,93,108,88,77,78,96,92,91,74,66,74,67,80,79,74
86,89,85,85,87,87,74,64,73,78,81,81,85,86,89,101,89,81,92,95,96,90,96,102,98,96,115,107,110,95,96,120,109,114,108,104,105,101,100,101,109,120,107,101,106,113,118,97,115,123,111,93,89,99,104,130,121,109,105,118,106,121,117,123,119,126,126,125,108,105,105,116,90,88,100,104,109,133,109,113,97,96,102,83,91,107,117,96,109,110,107,118,116,99,108,112,120,110,116,101,93,95,93,104,104,119,123,89,83,82,96,100,114,100,86,90,84,89,98,94,86,74,74,78,72,77,73,69
70,76,72,68,77,87,97,68,57,71,69,79,91,94,84,92,94,95,89,93,100,92,91,104,113,95,102,113,113,101,84,105,87,98,101,97,99,94,97,99,108,120,101,111,105,93,103,122,108,117,126,109,100,104,106,107,105,110,109,113,100,105,106,107,120,120,117,137,106,93,98,105,82,94,104,109,127,130,95,92,92,101,107,94,105,115,106,101,112,99,106,101,103,94,109,111,110,114,104,100,94,101,92,111,105,119,103,80,90,86,84,87,91,82,79,79,82,91,92,88,71,66,70,79,77,83,74,84
73,73,78,75,69,67,82,86,70,70,76,77,89,91,96,90,83,97,103,110,108,99,90,94,99,105,114,118,120,117,105,111,98,102,110,99,94,97,103,109,105,126,103,113,113,95,90,117,110,113,122,109,113,97,103,113,100,123,131,92,88,97,116,116,113,121,125,129,109,95,98,113,109,110,111,115,112,119,104,103,108,101,108,102,112,116,115,114,121,123,122,123,109,113,115,112,116,110,97,91,90,101,103,128,100,111,104,96,94,84,86,96,96,81,87,82,84,81,91,77,70,74,77,76,77,78,80,89
75,75,74,80,74,73,73,83,72,70,83,83,80,81,90,109,94,81,98,103,99,93,80,99,90,90,112,116,109,121,114,116,104,102,105,105,101,107,95,94,93,105,107,98,106,115,116,119,123,106,107,96,103,98,103,117,112,114,129,116,102,113,123,108,96,108,118,109,110,105,106,120,114,105,105,113,115,131,108,91,91,98,102,113,126,119,124,117,119,119,111,121,114,116,107,115,116,118,120,115,107,109,114,116,80,99,102,95,91,83,102,103,87,86,88,85,80,81,68,51,68,73,70,69,68,73,79,73
80,81,82,82,81,84,73,88,77,72,72,78,78,82,93,100,88,85,99,97,107,108,86,93,103,92,100,109,104,102,108,120,130,113,108,97,99,107,108,91,90,96,113,110,112,113,120,101,113,112,105,105,93,101,112,125,134,124,122,130,113,115,120,131,118,113,127,111,119,114,114,115,108,104,116,113,113,115,110,93,99,88,84,105,123,117,114,115,117,106,117,117,120,107,107,115,111,127,125,112,112,118,114,94,90,112,104,101,85,87,103,94,87,85,83,79,73,75,60,73,87,77,71,79,75,87,83,84
80,78,74,84,87,86,78,91,92,84,74,74,87,79,92,110,87,96,102,107,108,119,112,97,95,102,107,87,114,117,101,95,104,104,123,114,106,99,111,88,85,96,117,118,121,124,125,117,110,110,97,106,111,122,115,120,117,123,124,121,121,126,116,128,129,114,141,121,117,107,119,126,135,126,104,101,110,119,112,82,95,97,109,123,120,112,122,116,116,107,142,124,118,103,112,117,118,129,116,113,129,128,103,97,106,114,106,111,96,106,100,91,87,87,85,88,88,81,68,92,88,84,78,87,81,103,88,78
62,86,81,82,89,104,81,84,85,81,77,64,75,76,68,107,87,86,82,95,96,106,105,111,106,94,106,100,100,112,112,109,108,114,121,118,109,92,104,102,101,103,106,123,128,127,123,127,104,104,114,111,118,123,122,127,125,135,129,134,137,131,123,116,129,126,141,111,112,115,108,105,103,116,99,97,108,120,114,97,107,112,112,115,112,117,137,118,115,112,122,113,121,107,120,132,124,120,109,112,110,103,86,100,98,111,98,91,93,100,97,87,87,90,79,81,82,77,71,90,79,78,77,86,81,90,76,61
58,69,77,81,74,80,88,94,90,78,74,70,69,91,86,100,96,89,99,107,110,114,109,110,105,114,117,114,112,108,104,104,100,97,123,122,123,111,122,109,100,110,106,108,115,129,118,121,132,110,118,119,122,102,114,129,121,127,138,137,149,131,121,109,110,135,151,121,101,120,123,124,100,103,97,111,122,126,123,106,97,105,90,117,130,118,122,114,119,122,122,122,124,119,116,125,112,120,120,123,108,95,89,112,114,108,87,95,92,91,80,69,75,88,84,93,88,80,79,85,84,88,86,88,82,78,69,64
58,63,77,85,84,72,79,89,105,100,90,89,84,83,86,98,102,86,80,80,99,110,100,106,105,116,112,104,115,120,107,102,104,97,121,111,109,110,102,106,91,113,119,112,117,121,128,119,125,115,133,123,113,109,95,108,116,110,132,132,146,129,121,110,106,115,117,120,113,124,124,129,110,116,116,119,118,131,118,106,99,102,108,112,111,114,124,113,125,129,118,111,111,105,103,126,125,122,121,109,99,101,101,118,110,101,100,101,90,97,84,71,73,89,89,91,77,78,81,87,78,84,73,91,82,82,74,73
62,62,62,84,95,84,77,71,87,95,96,100,98,80,76,86,88,99,102,89,91,107,98,110,110,116,111,111,107,108,118,118,113,108,110,106,102,114,108,112,110,111,122,124,133,109,110,114,123,122,124,112,105,116,97,96,114,110,117,122,142,127,123,123,109,126,118,124,121,120,122,121,122,118,112,112,107,113,107,114,116,117,123,119,119,125,136,117,129,125,108,119,112,100,107,117,115,110,121,103,107,120,117,130,107,101,95,95,90,86,70,78,83,93,95,83,73,85,79,88,86,86,81,91,73,82,67,59
73,66,58,74,83,85,91,85,77,91,91,82,84,86,84,94,89,100,112,102,94,103,97,101,115,124,121,113,107,105,107,117,116,128,118,121,118,114,105,104,118,111,112,112,139,105,98,113,125,127,120,123,115,100,109,106,119,114,116,132,137,138,133,128,103,107,119,131,142,134,125,122,112,107,113,111,117,120,118,124,120,115,127,129,126,125,136,132,125,111,115,137,117,100,113,112,112,115,122,104,125,133,107,99,96,95,84,100,92,82,80,85,87,98,93,95,94,94,93,101,96,92,89,87,80,84,62,58
62,76,74,73,78,71,71,87,85,88,87,89,89,89,86,98,93,90,97,109,104,104,109,109,132,125,122,123,109,121,107,119,127,115,104,103,115,127,120,114,112,107,108,112,127,112,111,111,114,121,117,115,127,110,110,113,112,115,124,137,133,135,126,129,143,114,111,120,133,136,142,140,109,99,103,93,112,110,118,122,111,133,129,125,133,139,131,150,129,119,130,134,107,112,133,122,122,118,114,113,124,119,100,99,98,108,88,98,105,94,98,101,91,93,84,94,78,91,95,88,88,91,77,74,77,72,59,71
64,77,82,72,71,70,73,76,71,89,87,89,90,92,87,93,92,93,98,105,107,100,106,112,122,117,108,120,109,126,127,126,126,121,118,108,118,130,110,106,107,104,124,116,111,117,129,114,121,117,113,125,130,116,110,132,111,127,140,131,142,135,114,126,132,121,122,130,125,117,122,114,124,137,122,115,114,112,109,111,115,144,132,136,134,141,141,141,110,125,117,118,117,127,122,115,106,110,110,119,108,102,91,96,96,96,83,87,106,93,105,101,101,106,98,106,101,101,95,83,83,86,73,75,73,64,69,71
65,66,72,87,84,76,81,83,76,88,79,85,88,95,100,86,81,91,99,103,107,120,120,106,114,117,116,122,118,104,107,129,121,123,107,122,124,124,123,114,116,115,137,119,101,123,132,132,127,135,123,125,120,136,114,121,119,124,135,116,127,123,115,114,123,119,116,127,128,125,124,106,114,124,123,114,115,116,107,116,129,140,126,141,147,144,148,123,118,130,105,124,123,132,116,120,114,120,111,116,104,104,95,96,98,96,93,93,101,93,99,92,102,106,108,118,100,91,85,67,82,80,74,74,82,80,76,57
66,66,60,72,86,86,87,82,77,94,89,71,76,80,98,106,97,89,88,107,110,120,133,111,109,105,105,100,117,112,107,123,118,128,107,116,126,120,112,108,126,141,139,125,108,115,114,125,115,128,120,109,112,132,131,151,134,113,127,123,118,112,114,123,139,125,123,126,116,117,119,107,115,107,119,116,115,128,122,129,151,133,127,132,120,131,139,133,129,123,121,124,113,118,122,119,112,120,116,125,99,99,86,87,84,90,94,100,102,106,90,88,104,103,104,103,84,81,81,77,76,74,74,73,82,82,78,61
56,67,62,69,76,79,83,79,71,72,92,93,95,81,88,99,114,106,105,105,115,108,118,119,111,110,98,99,115,118,107,117,112,119,117,114,112,114,122,127,121,129,123,105,123,124,109,126,112,116,114,113,127,125,125,137,134,106,116,125,113,124,125,130,124,132,130,117,102,121,128,125,127,116,133,130,104,118,114,124,135,124,143,134,124,127,123,143,138,130,121,112,122,115,117,121,116,111,103,115,104,104,100,107,98,110,104,108,116,110,86,84,99,94,94,93,92,74,78,75,80,84,58,68,70,68,67,58
52,62,58,62,71,68,75,78,81,78,84,90,105,105,107,111,110,90,108,104,112,110,114,117,114,104,100,105,123,122,106,122,126,111,123,114,119,130,134,143,141,132,112,104,126,140,111,131,116,110,121,107,121,139,138,128,135,117,125,127,113,132,141,126,118,125,127,114,104,120,147,141,118,118,134,130,124,122,120,140,128,112,132,135,144,147,135,155,136,131,123,124,133,129,124,130,120,113,109,119,102,102,95,98,103,104,108,108,116,98,95,93,105,107,98,99,72,71,82,79,86,79,74,86,83,79,58,49
66,67,64,57,72,74,66,73,82,86,88,88,88,87,92,117,113,90,100,98,111,114,109,102,113,110,99,93,112,121,116,112,129,124,116,112,114,109,112,131,143,140,115,122,121,126,113,119,125,111,114,114,114,123,123,133,132,145,138,129,152,137,116,128,135,125,136,122,122,130,132,123,120,140,137,134,129,128,138,144,128,146,151,141,128,129,138,137,120,127,120,121,119,110,127,123,120,127,112,106,87,92,83,93,107,103,98,102,123,106,110,102,110,108,97,89,63,72,76,74,85,85,79,74,75,63,53,55
63,67,79,72,71,77,75,77,83,83,79,80,77,76,97,109,104,100,106,119,126,117,102,109,112,110,96,100,97,101,106,117,143,142,139,129,129,111,107,124,125,138,134,128,126,140,132,114,130,119,98,108,123,127,109,127,130,125,139,147,155,136,121,126,138,139,146,121,115,129,115,121,138,140,137,115,127,147,147,137,141,143,134,149,127,116,122,120,115,117,111,125,129,118,127,111,128,137,117,116,99,93,87,98,102,94,90,99,108,95,92,106,113,103,95,95,83,88,76,67,72,78,76,66,68,58,53,54
63,79,86,84,81,73,71,82,85,88,88,94,98,89,91,101,102,103,109,101,120,126,118,109,96,101,110,116,113,121,125,123,132,124,146,121,130,136,128,139,121,118,124,120,142,139,127,121,120,122,119,109,109,110,110,124,146,130,140,143,131,131,134,131,137,149,138,131,124,134,137,148,133,120,140,132,144,150,149,132,124,136,143,140,114,135,135,132,116,113,121,121,128,125,128,115,120,124,108,123,118,112,109,125,107,104,95,94,86,79,73,86,93,96,84,102,97,85,72,78,77,75,77,60,60,59,51,47
45,62,67,79,82,94,80,83,88,79,89,95,97,97,99,106,108,110,115,114,119,117,122,122,115,110,122,113,98,120,114,123,125,116,119,120,129,140,141,129,123,134,125,124,120,114,123,132,140,123,116,119,116,115,117,120,134,135,147,119,122,129,137,143,133,139,129,140,145,148,142,147,142,145,150,157,145,147,159,139,128,131,131,134,138,151,133,104,113,113,112,109,124,125,116,112,111,111,119,138,116,110,118,116,95,121,101,91,92,98,82,74,86,80,79,87,76,79,80,86,73,68,66,53,65,62,52,52
56,64,65,80,78,89,94,82,85,85,86,88,96,105,104,116,102,108,112,115,122,118,120,124,127,113,121,122,121,123,124,123,129,126,105,120,124,122,130,113,125,146,132,116,110,111,133,147,142,128,124,127,122,112,130,136,134,140,135,110,127,145,146,137,131,135,132,144,147,156,158,162,141,152,149,131,131,144,154,142,133,129,142,139,123,123,122,105,129,114,104,109,104,121,131,143,123,112,107,110,119,108,112,106,97,111,93,103,104,101,86,92,103,94,88,87,80,75,76,75,62,69,80,64,67,60,52,64
70,69,73,60,59,68,77,74,78,85,83,79,90,107,100,101,101,102,101,109,114,114,127,128,136,114,112,114,131,129,124,106,124,127,122,140,143,119,121,123,118,119,138,141,131,126,138,150,135,129,133,123,123,135,147,134,123,127,124,130,124,141,141,127,126,122,138,145,146,167,157,144,139,138,143,123,126,141,143,133,130,126,137,133,120,129,124,100,114,119,103,123,121,123,124,132,107,117,129,117,121,120,119,112,95,100,91,86,87,101,107,108,105,100,95,94,84,77,71,69,75,75,78,68,79,72,66,61
68,64,73,75,79,65,71,73,75,84,90,85,76,89,103,98,91,114,91,91,92,106,113,117,130,124,108,117,118,126,120,125,122,120,123,145,153,144,121,120,125,113,130,154,141,150,135,115,112,108,121,136,135,147,143,132,143,135,131,139,130,136,141,132,127,126,149,150,159,140,133,140,146,137,143,133,121,134,138,136,129,135,134,123,115,125,128,115,122,123,111,121,122,131,139,120,119,122,113,117,125,136,128,109,102,107,101,94,104,112,100,91,106,89,85,79,74,69,62,68,72,73,87,82,79,71,76,66
59,65,76,73,75,70,78,73,78,79,82,86,89,91,106,104,107,127,108,106,102,102,99,110,113,117,110,106,110,110,113,125,117,116,123,147,161,144,111,120,140,119,124,152,151,157,129,120,118,125,123,154,162,147,155,144,141,128,132,135,142,125,124,151,159,149,150,153,143,128,145,133,129,131,142,143,122,149,139,142,127,138,124,125,118,114,109,119,138,126,127,126,128,123,110,118,134,120,112,115,128,125,105,101,110,110,98,106,111,106,101,99,104,87,69,79,82,68,71,79,77,77,73,56,64,68,64,53
68,66,72,76,66,73,85,83,89,91,96,75,85,93,107,107,123,116,123,113,96,98,91,97,103,109,98,88,104,122,126,137,136,118,125,126,128,132,138,128,139,139,145,149,135,154,148,134,134,137,143,142,157,149,147,152,134,131,123,129,143,130,129,151,159,152,144,133,124,144,141,143,150,138,144,149,155,150,141,154,138,142,129,126,119,111,124,139,119,110,137,132,136,136,140,135,108,107,121,120,113,114,118,123,121,111,105,118,107,93,95,110,108,83,75,94,80,77,88,88,66,72,71,64,78,75,62,62
68,70,87,92,70,68,82,74,67,77,88,78,81,94,105,116,119,108,117,107,101,118,103,108,112,112,116,108,105,124,115,114,130,146,137,140,126,120,151,147,134,150,137,136,145,145,150,155,157,153,150,144,162,165,153,153,140,136,132,137,151,149,159,159,162,153,158,151,146,145,141,155,168,149,145,142,155,148,141,142,144,135,121,120,131,134,137,131,110,120,137,122,137,134,134,124,114,130,124,90,90,103,106,127,124,102,104,102,89,95,99,107,106,92,93,95,84,80,76,68,63,84,74,69,74,63,62,59
74,69,66,83,71,61,82,86,74,68,76,88,94,96,95,115,109,98,118,111,121,131,115,116,124,119,113,110,119,113,113,121,118,151,148,137,134,120,125,150,159,156,142,138,162,153,156,161,156,163,141,148,148,141,149,154,159,143,136,142,144,161,175,137,150,145,144,152,150,128,158,160,151,144,154,153,148,142,137,146,140,138,125,131,139,132,133,118,103,128,133,135,144,127,115,118,121,135,121,99,115,117,120,124,133,117,101,97,85,85,86,94,101,83,79,98,94,75,80,82,70,75,63,69,82,81,72,66
57,61,63,86,76,67,73,70,73,78,81,81,89,98,93,111,111,103,117,117,132,124,99,99,105,107,122,131,123,112,115,107,125,130,129,115,130,119,122,135,158,163,152,150,154,150,143,142,160,173,169,151,132,138,127,149,161,148,144,138,139,144,149,153,158,145,139,158,170,151,162,158,157,155,172,153,155,141,131,144,140,144,114,128,140,142,137,127,118,148,142,135,130,138,130,127,125,119,111,105,115,112,108,113,108,101,94,95,102,108,96,95,94,81,82,83,82,74,95,92,77,80,67,78,83,83,80,89
58,60,63,73,68,68,70,76,79,78,79,79,80,91,96,100,92,107,122,114,113,111,109,98,107,98,118,136,123,113,121,107,127,121,123,136,136,125,133,146,138,149,156,152,135,131,131,130,150,152,157,160,133,146,123,144,153,153,158,150,151,151,149,161,168,138,140,151,140,155,161,152,137,147,153,131,153,154,133,144,145,144,135,135,138,143,123,130,134,123,125,122,121,138,127,113,121,110,120,118,111,127,112,111,95,97,97,98,92,91,95,98,91,92,86,92,99,87,100,98,91,93,80,87,88,89,79,70
62,52,68,75,69,72,79,76,69,75,86,72,76,87,86,102,84,99,109,109,114,97,114,123,120,114,117,132,130,113,122,121,127,116,123,129,132,143,154,157,132,143,163,154,128,131,136,144,153,147,139,172,145,152,144,139,143,143,147,153,152,145,146,148,158,138,114,129,144,163,154,146,141,144,143,140,149,155,138,132,150,140,129,136,136,133,145,132,156,140,140,152,133,114,111,119,118,109,131,121,93,111,109,106,99,111,108,106,101,96,99,98,94,102,94,96,101,95,89,85,78,86,74,77,82,82,58,58
70,62,71,78,88,79,79,83,85,79,97,93,78,77,75,93,87,103,98,101,111,102,118,121,118,120,121,125,120,121,113,104,127,117,120,130,148,147,156,154,129,149,153,159,146,140,132,142,141,148,152,163,159,154,152,140,146,125,130,142,139,142,146,152,154,138,136,141,141,135,141,157,148,133,133,148,143,133,140,149,130,116,133,134,114,133,139,135,139,134,149,147,119,119,118,108,111,122,115,95,102,121,126,115,120,124,116,114,110,110,108,102,95,83,90,91,91,103,100,96,82,86,90,90,79,74,57,67
61,60,68,74,79,85,81,83,87,86,105,103,89,88,78,85,90,107,106,98,106,102,110,101,124,125,118,106,110,122,128,126,131,130,119,126,135,162,167,149,140,155,164,161,139,132,136,160,155,130,141,157,164,157,136,128,141,140,141,139,140,151,164,144,140,143,139,143,152,146,141,156,146,135,137,141,130,127,142,152,132,134,143,136,122,139,142,139,143,137,145,135,136,120,118,122,127,116,117,122,122,115,118,93,120,109,115,110,98,102,94,96,98,94,90,89,90,88,73,68,80,84,96,86,66,80,78,75
59,60,72,80,68,81,82,78,81,75,86,86,81,93,82,87,84,91,98,104,115,119,115,102,114,119,122,98,110,131,126,131,121,128,123,129,141,151,165,157,138,162,153,154,131,144,138,151,160,135,147,156,148,139,120,134,140,118,145,146,141,145,157,154,144,143,145,133,146,160,134,144,149,158,144,131,138,141,140,134,128,132,140,142,143,145,155,137,148,142,144,125,136,110,116,130,132,110,119,124,111,104,103,98,112,98,114,111,108,102,108,99,98,98,92,97,88,80,84,72,81,79,94,85,76,91,80,66
53,60,65,73,85,84,81,63,72,84,86,90,91,90,83,92,93,103,93,105,121,116,117,118,118,114,110,110,131,142,129,126,124,119,130,134,154,140,148,155,153,167,142,155,152,143,142,148,167,166,170,171,136,130,132,138,133,135,149,133,147,154,153,141,144,156,162,157,154,160,140,146,132,140,128,133,140,160,153,138,157,151,139,150,146,136,146,149,141,147,143,115,137,130,121,123,127,131,116,106,102,109,109,109,109,108,112,105,101,86,95,84,86,94,91,93,102,88,90,77,84,80,84,77,78,84,66,60
78,72,76,78,68,65,76,79,85,80,85,89,98,106,108,95,93,108,99,92,93,97,114,123,123,115,94,106,117,123,129,116,125,135,146,130,156,145,144,142,178,166,123,140,161,145,142,143,172,170,159,156,133,125,144,163,148,155,143,146,159,154,148,151,158,172,167,182,169,163,146,151,146,137,145,148,139,140,161,146,135,140,134,124,126,127,128,137,148,148,148,140,147,137,126,125,122,111,92,106,123,119,122,102,91,95,101,100,93,85,101,101,98,93,96,92,96,79,72,70,79,76,80,81,65,69,60,55
61,63,72,79,71,61,74,71,79,79,93,94,98,92,96,101,96,108,115,105,105,109,106,119,129,119,110,115,105,115,134,127,133,137,140,131,141,128,136,129,147,154,142,150,156,136,144,152,158,151,156,154,145,155,158,164,150,163,156,162,148,145,142,161,164,167,171,173,158,162,150,166,155,130,156,141,137,129,145,146,133,137,124,121,132,115,131,133,143,147,169,167,146,146,127,134,124,111,114,110,111,109,111,90,93,95,106,113,101,99,105,91,88,93,84,80,83,87,77,77,85,76,80,69,50,59,55,45
63,61,66,77,72,72,80,69,75,68,82,87,93,93,88,96,93,91,101,93,99,102,108,112,112,137,128,109,100,105,112,123,141,134,146,122,110,120,135,135,135,142,146,143,166,157,156,155,153,141,139,150,143,163,166,156,170,172,159,158,140,147,149,166,182,175,180,174,147,140,155,164,143,136,141,147,161,145,151,145,124,128,141,139,133,130,135,144,141,148,161,151,131,145,133,127,117,126,118,108,126,102,109,125,121,114,124,114,88,91,86,81,79,91,79,76,79,90,90,89,86,72,76,66,55,56,48,45
65,58,73,71,45,53,70,63,77,72,83,84,88,92,96,93,99,83,101,99,103,113,108,116,100,129,130,122,114,122,110,116,137,138,160,144,110,113,129,128,123,129,144,142,157,164,149,153,149,148,144,159,146,145,172,149,182,178,170,164,145,161,148,139,161,158,169,162,158,157,156,152,138,152,144,145,143,131,159,140,122,130,138,143,133,135,144,143,128,138,133,117,128,142,136,128,122,104,111,129,136,101,104,110,105,112,119,106,89,105,99,87,75,75,88,79,74,85,83,82,86,81,73,68,66,60,58,53
57,51,58,58,52,51,59,58,67,70,82,78,89,93,113,111,100,94,104,93,92,112,124,127,113,111,103,114,119,121,120,133,142,135,135,140,133,136,136,126,130,135,148,140,167,175,164,158,139,159,142,158,142,139,166,169,166,155,173,162,140,160,150,138,159,152,170,160,163,183,164,160,147,151,147,137,129,130,141,122,135,122,130,156,147,144,139,136,131,135,136,128,128,128,125,115,129,127,126,132,132,108,99,105,104,108,117,107,101,108,98,94,83,84,90,84,82,83,74,74,86,83,73,79,73,70,65,50
60,53,51,62,68,70,71,61,69,85,89,86,104,109,110,102,92,87,86,84,87,88,102,111,112,124,129,135,134,114,126,150,137,125,121,123,132,130,143,142,141,135,140,132,151,154,172,179,144,137,144,147,146,144,155,176,159,166,168,172,174,176,169,173,187,148,141,160,173,166,141,154,167,163,129,134,147,134,133,138,131,135,137,138,152,154,136,148,149,126,118,133,115,124,126,123,128,127,118,114,123,119,102,113,103,103,101,93,110,106,86,81,72,80,86,98,101,90,93,77,72,73,77,82,82,76,55,48
68,63,71,74,72,69,77,73,70,73,81,87,86,75,96,101,100,94,103,96,108,98,104,107,110,121,130,126,133,138,120,138,124,112,131,140,145,138,147,142,133,124,147,143,132,157,144,149,176,158,155,148,153,157,170,165,164,163,146,152,164,167,165,181,175,144,152,167,156,149,161,186,179,172,164,150,145,134,122,141,141,142,154,154,148,165,150,137,141,135,112,143,129,129,119,114,110,113,113,112,135,119,89,123,120,136,101,85,105,97,86,99,89,89,102,97,105,97,99,90,78,65,66,71,77,81,77,72
59,56,68,62,66,71,76,70,72,65,77,76,79,81,89,91,89,96,103,101,111,112,110,114,116,125,132,134,139,145,118,126,125,123,115,112,127,148,129,132,156,148,152,151,142,143,142,151,166,171,162,174,157,165,183,171,162,144,132,143,154,148,165,173,165,138,144,172,166,156,170,180,156,183,163,150,133,133,133,142,153,155,147,153,152,140,136,123,140,135,115,120,132,150,126,115,105,120,117,108,112,116,96,116,111,129,111,98,104,96,70,71,68,80,88,97,94,84,77,84,86,76,85,77,74,75,75,78
68,68,73,76,80,80,84,82,91,80,81,86,91,89,97,103,88,100,87,103,118,119,121,115,102,126,128,117,116,149,138,134,111,114,120,125,142,135,143,136,138,143,142,137,147,139,143,146,167,162,141,152,168,170,180,183,144,147,154,143,138,149,157,134,161,157,152,161,179,176,160,152,148,163,166,164,149,138,135,146,149,146,146,178,163,153,158,136,134,115,129,121,124,129,117,111,109,136,125,113,108,110,106,115,107,109,99,103,110,113,95,81,69,92,90,90,78,79,79,66,77,72,73,71,70,73,82,74
69,67,72,67,73,79,88,89,92,82,87,94,89,90,93,88,83,99,95,101,117,118,120,115,101,113,120,116,118,140,129,149,130,127,116,122,153,113,134,127,135,138,136,136,131,122,124,147,164,164,160,150,175,173,167,160,145,154,167,143,161,180,151,132,161,158,168,147,168,158,160,147,148,148,164,155,152,156,138,144,132,131,144,159,137,142,142,128,123,122,140,129,125,121,112,120,123,136,128,132,111,106,112,111,96,105,96,104,109,105,91,82,74,90,98,92,84,81,77,79,86,76,83,84,74,73,69,58
76,70,63,59,70,84,87,76,76,78,97,99,87,94,94,98,94,87,89,99,105,97,98,98,93,113,120,116,119,117,111,143,138,145,128,147,141,123,138,153,141,133,135,130,137,143,144,142,133,163,169,161,168,167,157,150,143,163,171,162,163,158,135,142,143,150,158,148,161,158,168,146,151,145,141,161,164,150,155,151,150,146,137,133,142,154,147,125,136,134,118,131,144,139,116,119,106,117,119,118,123,134,131,118,102,103,94,94,98,100,99,82,73,78,83,81,72,80,69,71,89,70,77,67,69,68,66,67
68,78,83,81,82,76,74,69,79,90,83,89,88,104,121,113,91,89,83,102,104,92,83,97,118,135,127,119,118,121,121,133,131,145,125,136,138,134,126,137,127,154,144,148,153,148,146,146,141,148,159,166,182,167,144,148,157,166,161,174,168,157,161,158,159,145,153,168,164,170,161,148,149,142,144,135,148,146,149,142,159,167,130,129,141,142,154,130,125,131,117,125,129,129,114,111,110,115,119,122,132,133,135,126,114,102,95,96,99,99,95,99,102,90,76,74,68,72,78,67,72,71,74,68,60,58,65,63
63,64,78,74,78,74,77,84,79,80,90,87,100,104,109,104,89,96,86,105,105,88,107,115,135,122,106,127,142,127,124,131,134,142,136,124,127,146,142,136,127,157,173,174,146,132,140,163,160,156,169,161,158,145,146,148,140,141,157,163,166,159,175,161,169,162,154,165,163,159,156,159,161,157,136,131,142,147,150,146,151,145,127,124,135,121,123,141,141,145,143,138,128,114,111,98,110,118,112,124,119,112,112,117,137,115,92,92,89,100,98,100,110,103,90,96,92,88,85,78,90,94,81,76,70,66,72,71
63,65,80,77,67,72,71,75,71,77,93,88,103,89,92,93,94,87,85,104,105,98,114,88,109,109,100,115,127,126,120,129,140,130,147,143,138,149,119,130,143,148,152,150,150,144,139,131,144,158,142,148,141,154,149,143,140,135,145,147,170,173,164,166,182,174,178,167,155,154,149,152,150,151,133,127,136,139,147,141,124,125,124,122,129,131,138,144,140,137,141,142,123,114,122,110,120,138,127,130,115,108,114,120,138,114,101,100,97,98,102,91,94,85,86,97,75,82,81,80,83,78,72,65,61,65,64,50
59,60,55,69,66,76,90,93,79,82,92,93,107,87,87,93,85,101,91,102,110,118,113,110,128,108,105,130,126,138,134,124,135,128,116,129,143,146,130,136,136,135,145,144,145,157,140,134,137,142,152,153,164,160,134,140,165,160,152,133,155,165,180,160,174,177,183,165,148,157,177,180,143,142,142,135,144,133,111,123,139,141,129,122,117,123,126,130,130,133,145,152,140,137,111,112,124,120,120,135,114,112,123,110,124,112,109,106,100,101,107,99,94,90,88,89,81,84,75,66,74,70,73,72,58,53,64,59
61,66,63,69,70,81,88,81,68,73,87,85,77,80,76,98,79,108,109,108,112,102,121,140,129,118,115,125,117,125,136,129,125,130,123,136,154,155,146,145,139,131,137,148,128,142,132,128,135,124,145,151,160,150,143,141,138,143,131,137,142,156,175,164,156,160,172,168,157,169,180,166,152,147,139,134,137,133,128,127,125,143,127,118,128,125,125,132,128,128,147,151,138,147,123,119,120,135,128,119,111,102,114,108,112,108,112,118,95,101,99,105,96,82,96,98,88,94,82,67,81,59,62,67,71,63,55,50
58,63,65,65,76,81,72,74,72,75,91,84,74,72,89,112,104,118,116,101,112,137,129,120,124,142,130,137,121,125,130,106,112,131,134,125,144,146,145,164,155,127,137,128,107,144,158,142,124,134,140,137,139,154,153,147,141,146,149,154,142,152,161,172,157,150,149,156,153,144,162,165,158,150,161,152,136,151,134,138,131,138,128,112,141,126,126,129,125,118,112,136,133,146,152,138,126,134,132,120,133,114,104,106,123,108,102,124,101,90,104,97,91,80,74,81,79,88,90,84,86,67,65,71,67,72,59,49
57,60,65,66,64,75,73,75,84,82,93,89,97,90,95,94,95,122,135,120,119,131,108,108,111,118,122,117,110,129,128,114,122,136,140,124,138,140,147,153,138,126,134,140,130,152,153,150,144,140,144,135,132,151,151,151,147,143,147,151,150,154,165,169,157,151,149,144,160,161,145,141,147,156,172,171,154,162,125,149,143,142,145,125,129,131,128,120,113,121,128,129,133,138,126,126,128,128,114,100,119,117,106,118,129,102,94,102,110,118,122,113,113,85,71,76,76,76,85,85,85,82,70,61,64,70,65,66
55,55,59,61,66,82,79,85,91,89,92,99,93,87,90,102,114,119,122,109,102,116,113,111,110,120,124,121,115,124,130,136,134,127,147,143,137,135,146,132,130,133,129,133,128,134,133,153,164,156,151,149,169,164,140,151,152,150,156,150,148,154,154,141,160,166,150,158,169,161,137,135,150,153,146,158,156,184,154,149,143,158,144,149,126,120,125,119,120,129,151,144,124,123,120,130,129,142,119,103,111,116,120,129,122,89,95,92,106,116,96,105,117,84,79,90,83,76,86,84,80,76,70,56,59,62,66,68
62,59,55,61,66,64,65,80,79,80,94,94,79,94,100,110,106,98,104,107,101,107,110,98,103,136,134,121,127,120,124,114,115,128,151,145,144,138,130,141,140,136,151,146,121,131,154,161,157,148,152,143,163,134,137,152,155,166,162,145,148,145,127,146,154,166,161,153,156,154,165,168,162,149,140,159,159,177,161,146,154,163,148,158,139,116,130,136,138,121,144,154,142,113,118,108,111,141,141,114,97,107,124,124,120,96,111,105,108,105,86,96,109,89,81,81,84,77,72,67,74,81,67,66,64,64,64,58
65,59,69,67,60,66,80,90,92,83,90,86,82,94,87,103,113,91,100,118,110,121,120,112,120,127,120,115,142,140,142,133,123,138,148,123,121,135,131,129,127,134,145,169,163,131,148,167,163,159,155,150,159,135,160,141,147,158,156,150,127,132,136,140,161,165,139,126,149,156,155,150,149,152,146,161,150,150,159,149,144,143,150,152,140,132,152,145,151,137,147,143,153,107,115,112,108,118,134,130,136,124,114,118,128,122,115,113,110,110,98,100,98,92,88,87,74,75,74,70,75,85,69,79,79,77,65,56
70,72,66,52,54,57,67,78,89,95,85,87,83,89,91,92,96,95,111,108,98,115,112,115,114,123,116,119,132,130,135,135,130,137,129,119,144,138,138,112,132,151,152,147,142,133,152,160,153,166,148,148,165,149,150,139,147,146,154,159,148,140,138,143,158,160,162,143,131,133,147,159,155,155,151,154,145,139,161,166,143,131,135,147,157,145,141,137,143,137,131,118,127,122,124,126,109,128,117,119,138,127,117,130,122,117,92,108,104,105,97,111,112,93,98,88,69,76,73,76,80,96,86,68,72,77,67,57
57,68,62,62,74,70,75,86,84,90,82,88,86,93,92,89,93,99,105,103,120,126,120,124,118,121,111,110,111,128,132,122,124,132,117,115,144,121,121,116,146,123,126,134,136,136,128,153,158,174,153,160,160,148,135,140,137,135,146,140,142,159,141,133,134,147,165,153,126,130,140,153,156,150,145,149,146,147,136,146,137,131,132,125,148,157,148,133,136,145,133,121,133,137,128,131,116,132,117,119,135,143,114,110,106,122,97,96,94,102,90,78,87,85,94,88,78,80,78,88,77,79,83,61,63,67,71,62
54,60,66,70,74,77,77,84,70,85,80,77,85,103,99,100,106,103,113,113,129,115,131,126,122,113,130,136,123,122,131,117,130,127,123,123,129,114,105,120,145,135,139,133,141,153,127,134,146,174,144,140,143,146,141,140,140,135,146,148,146,160,136,133,142,159,151,156,133,138,136,154,140,147,154,160,137,153,147,137,144,145,131,116,144,139,138,137,125,123,126,110,131,118,120,120,121,141,118,98,115,138,129,130,117,140,114,95,94,93,99,93,87,90,88,90,79,92,85,78,66,69,72,60,64,65,67,65
62,68,71,68,67,86,84,80,78,90,89,92,105,105,93,95,91,97,96,103,102,112,110,108,128,109,119,116,112,127,151,127,133,116,124,122,115,118,130,142,144,135,125,142,157,145,138,144,151,154,135,153,146,139,152,158,142,136,138,153,137,144,136,148,153,158,139,149,142,141,145,140,131,130,138,159,142,133,152,162,146,128,142,125,141,140,133,131,135,119,125,111,139,124,119,120,136,121,108,109,120,127,125,121,123,131,108,110,106,92,100,98,91,82,77,84,87,86,80,75,83,78,73,70,70,66,65,62
69,82,78,72,76,82,82,79,80,83,102,91,105,85,70,86,98,109,101,112,107,130,119,112,125,130,125,116,132,128,129,126,115,112,123,133,125,130,140,132,130,142,136,146,147,119,129,145,141,140,138,143,133,139,154,167,142,151,147,148,126,124,125,148,139,139,142,160,173,154,139,123,144,130,129,137,129,126,146,146,146,143,147,132,137,148,143,132,114,121,136,114,131,131,128,111,125,125,118,124,127,122,124,114,126,119,121,111,97,89,79,87,93,93,90,85,92,91,85,69,78,87,84,66,64,64,66,55
71,68,66,71,75,75,76,78,86,89,102,79,86,76,81,99,99,101,100,107,91,108,106,98,103,118,124,122,127,111,114,108,109,130,135,141,104,116,135,130,128,132,140,128,129,142,135,137,136,133,158,154,127,140,155,154,149,153,140,134,126,130,142,154,142,145,149,160,173,176,146,142,159,149,148,139,134,151,151,146,150,143,141,144,140,132,140,145,131,117,111,119,139,129,128,121,133,144,147,132,126,118,129,114,118,118,106,106,108,104,98,80,86,87,89,95,88,79,89,85,82,69,77,76,71,72,65,75
54,59,65,75,80,82,86,86,97,85,78,76,87,87,90,110,84,99,112,109,99,110,119,100,102,103,107,112,127,119,129,108,122,140,131,122,113,112,136,132,128,147,158,137,126,129,124,136,134,134,149,141,140,135,141,142,152,140,123,123,128,136,148,139,143,159,153,158,152,173,141,125,141,134,147,148,148,155,155,157,146,142,129,137,159,157,147,139,141,121,104,120,131,128,129,112,144,134,142,138,117,111,118,122,127,115,116,99,103,106,109,94,92,88,95,88,84,74,81,82,87,81,74,70,76,78,72,82
49,54,56,61,67,73,72,75,91,81,86,95,107,105,99,97,86,102,111,104,108,124,118,100,112,90,112,113,136,134,123,95,119,131,125,121,119,110,136,127,133,155,144,132,115,127,119,127,150,139,137,146,150,124,135,132,128,133,132,125,133,144,151,142,141,148,124,140,150,152,150,137,136,133,136,134,149,152,157,160,146,129,128,136,142,149,127,128,146,133,113,124,128,133,131,129,131,113,123,139,128,133,122,117,123,103,114,100,95,101,100,87,94,99,92,92,94,93,92,69,65,65,57,58,68,63,56,59
50,62,67,78,69,63,74,86,86,79,80,92,93,103,105,97,102,102,107,102,109,121,116,112,122,102,109,109,134,136,127,127,127,128,120,109,126,130,131,125,142,142,121,123,126,132,128,129,147,141,147,161,147,124,136,131,127,135,123,126,153,160,161,147,149,150,133,129,134,134,156,148,138,158,146,138,141,132,135,137,144,128,123,131,136,142,137,147,169,136,132,151,136,115,108,120,130,122,121,124,124,124,118,110,111,100,101,94,104,101,106,92,88,99,94,92,96,99,96,77,72,74,56,65,61,61,49,62
56,72,65,76,70,83,92,88,95,88,90,96,89,110,92,86,115,125,113,103,122,132,120,110,109,114,124,136,127,123,120,123,124,112,113,118,126,124,135,136,116,105,114,124,135,118,129,148,139,144,147,141,140,138,125,124,126,132,124,139,174,153,143,152,138,139,144,139,140,116,118,148,161,172,140,152,134,130,130,125,131,135,138,145,125,128,151,151,158,152,149,117,125,132,113,104,110,114,122,110,115,124,123,116,111,110,106,88,109,99,106,104,91,87,82,87,81,89,91,86,75,73,59,58,55,67,57,63
71,68,61,67,71,79,91,89,95,92,94,102,105,106,87,91,93,104,110,112,118,102,92,98,107,118,131,128,108,118,121,118,136,109,124,111,118,140,147,145,119,89,108,127,138,132,149,144,122,147,154,141,131,136,126,124,124,142,127,133,143,130,125,147,143,155,137,138,140,119,120,141,144,145,132,141,142,126,122,130,117,145,142,147,126,127,145,158,139,142,155,118,120,128,125,117,115,111,121,114,104,119,135,125,118,116,115,124,120,102,89,104,102,84,88,98,86,78,90,82,86,74,63,60,51,64,54,59
73,72,74,81,84,77,87,81,98,84,82,86,85,89,95,104,96,106,101,101,90,87,111,118,118,117,117,108,96,103,115,120,128,113,126,113,125,144,142,125,134,119,122,118,131,143,147,139,126,137,132,121,120,134,145,132,116,136,127,125,135,136,127,135,139,164,139,142,140,128,123,138,151,141,145,147,154,129,120,119,113,144,157,157,120,133,142,158,141,136,141,136,135,122,120,129,137,140,122,119,107,110,128,118,114,121,112,122,106,92,82,95,109,101,84,81,78,71,83,71,88,79,68,64,57,60,49,47
63,78,90,88,84,86,92,85,102,86,85,82,89,94,103,105,95,100,89,97,89,93,107,109,119,117,118,109,114,124,128,120,102,112,127,134,139,136,137,117,126,124,124,109,121,133,149,147,131,124,124,121,133,129,128,137,133,127,140,126,141,142,138,130,143,156,146,148,145,144,137,128,142,162,151,149,134,120,121,133,136,142,147,147,117,125,135,157,147,147,131,125,135,138,121,130,110,124,123,123,124,103,109,118,107,113,102,117,119,103,85,91,93,105,105,87,79,81,80,67,74,78,79,64,70,71,62,58
68,86,79,78,96,110,96,81,92,82,80,79,107,98,94,101,95,97,86,90,92,101,110,111,116,102,103,114,126,106,117,117,119,110,137,148,130,128,125,117,130,128,127,124,119,138,148,138,132,125,134,121,125,127,125,130,136,133,150,131,145,128,140,136,149,137,147,139,137,144,145,146,132,125,121,131,110,130,132,141,140,142,142,149,143,130,141,133,129,135,126,120,123,140,143,127,124,116,108,111,142,129,111,113,102,122,110,99,109,116,113,96,85,90,105,88,75,74,75,70,60,63,82,71,62,61,63,63
72,76,77,89,102,98,88,84,91,93,91,103,112,96,93,117,105,82,82,94,108,106,102,96,100,112,118,121,125,103,108,124,139,125,144,141,130,127,125,126,126,121,129,128,124,137,122,139,126,117,130,129,130,141,134,128,136,134,140,139,128,135,134,126,143,135,126,144,139,143,153,144,129,126,119,115,102,121,133,144,154,151,143,136,145,134,135,121,120,123,131,118,134,131,141,117,118,124,108,111,136,136,130,126,112,115,119,112,115,110,119,104,104,96,103,99,96,94,88,79,73,69,73,70,69,58,51,52
69,81,90,98,75,72,68,89,103,97,82,101,100,88,92,94,88,99,100,103,112,99,112,114,107,117,116,109,101,104,117,123,128,127,133,142,134,137,130,123,111,109,111,112,130,143,133,130,136,139,124,132,139,132,120,125,148,140,124,138,141,150,121,116,112,133,128,132,140,133,147,137,126,129,118,130,117,137,131,122,128,129,126,119,136,144,146,124,121,109,116,113,126,120,137,129,122,115,107,99,104,125,110,117,110,104,110,107,127,118,118,103,101,101,101,109,96,79,91,91,74,60,57,64,71,71,59,51
83,87,88,84,71,78,79,94,93,92,90,100,92,88,97,94,94,108,101,106,113,106,111,131,114,124,114,106,112,115,124,120,134,131,131,140,143,136,125,102,107,115,125,135,129,129,131,122,148,143,139,135,139,134,125,136,145,132,134,130,128,130,115,112,118,126,117,125,150,132,129,149,147,127,112,130,113,128,122,126,120,119,123,128,129,132,132,125,138,111,106,98,131,126,130,135,132,125,100,103,112,124,109,106,105,104,113,98,109,109,117,97,97,96,89,106,107,94,88,98,87,71,60,70,76,83,76,62
82,85,82,77,74,82,87,84,83,84,88,89,85,83,93,95,104,111,108,114,106,96,112,127,109,114,92,108,123,120,117,120,121,112,152,147,145,130,122,104,118,128,138,134,120,116,124,133,133,130,136,122,124,108,113,144,165,144,128,142,144,122,130,149,150,157,127,133,141,139,122,125,119,128,136,137,129,142,134,126,120,114,118,140,131,129,133,134,148,124,129,125,130,117,110,129,133,130,105,83,99,105,118,131,120,105,114,120,123,117,114,101,101,103,90,98,104,101,84,90,109,93,68,64,58,69,79,80
73,81,81,80,81,87,82,73,73,80,80,81,83,83,92,90,103,113,109,107,109,107,121,129,106,108,103,107,115,113,120,121,119,124,124,113,123,117,126,117,118,121,124,127,118,125,136,141,132,126,128,108,106,98,110,134,144,117,117,135,147,134,132,139,145,156,129,128,111,122,119,120,106,104,136,151,145,139,125,124,117,114,105,112,116,117,123,126,127,116,114,113,121,113,119,120,127,128,114,97,99,109,99,113,101,111,108,102,112,116,112,101,96,113,85,79,80,82,83,75,96,102,81,84,74,70,57,60
71,74,75,80,90,80,84,79,78,87,84,89,95,95,101,114,101,114,106,108,114,99,105,98,95,102,118,114,126,137,124,109,123,135,128,134,122,99,126,124,118,126,128,112,104,121,142,130,125,135,138,127,134,128,126,132,130,130,136,144,133,123,124,133,149,144,122,121,116,115,116,125,122,120,134,136,145,139,119,113,97,106,109,105,111,125,135,121,114,115,131,143,121,107,113,106,122,125,119,122,136,124,96,102,99,110,104,96,98,102,113,93,90,101,97,100,99,86,91,93,86,92,83,77,73,75,72,69
69,78,81,82,71,55,71,79,99,96,93,102,93,96,106,113,95,115,105,106,94,86,98,105,110,92,122,119,123,116,105,102,111,121,136,127,112,123,132,135,125,125,123,118,120,121,124,119,111,111,126,134,130,130,139,115,104,129,141,164,142,122,117,122,135,119,126,121,125,127,117,121,113,113,135,136,143,125,119,117,111,101,112,113,104,110,120,134,127,129,147,136,114,99,101,98,117,124,121,121,123,125,102,95,100,97,92,104,98,110,109,95,88,94,102,89,87,84,69,73,80,80,84,77,83,79,72,53
66,80,74,71,58,56,77,91,90,88,98,103,89,115,116,110,95,107,99,84,84,105,104,109,115,104,134,113,119,120,111,125,123,125,128,107,107,127,112,127,127,132,128,120,140,131,114,100,103,106,136,136,121,129,135,131,135,148,127,134,135,114,113,116,134,111,121,121,111,123,119,127,128,101,109,130,150,128,131,120,120,107,117,123,105,104,124,130,132,128,144,137,125,125,124,114,122,118,104,125,114,122,115,98,108,105,84,111,97,109,103,94,86,83,98,94,92,88,92,74,76,77,85,69,69,78,86,78
73,75,74,70,67,68,88,83,87,97,88,83,89,104,108,115,114,106,108,99,112,110,102,96,120,124,132,115,113,126,123,133,109,116,122,114,115,118,112,126,147,144,120,127,141,112,119,125,113,123,132,113,135,126,124,137,143,132,108,108,135,127,117,129,129,115,104,115,114,121,112,120,144,120,109,124,133,127,127,98,106,113,116,118,124,103,107,100,115,119,126,125,135,131,128,105,102,106,109,137,135,115,123,121,114,119,107,101,98,106,121,115,97,86,99,87,82,78,95,91,77,72,82,81,67,70,70,67
89,83,79,77,64,71,82,76,84,78,80,85,91,95,108,96,93,90,97,101,102,97,102,106,112,134,124,111,131,130,119,108,107,116,122,105,90,100,105,117,119,124,126,121,142,128,116,117,116,120,123,121,121,108,112,117,122,117,113,121,109,105,124,137,126,113,94,101,95,102,105,112,131,125,113,124,127,114,115,105,121,121,122,123,120,87,107,99,123,121,121,112,118,116,118,108,94,91,84,114,131,114,101,109,101,99,105,101,86,93,99,117,113,105,108,102,96,80,83,95,91,78,73,74,72,71,61,56
77,66,78,85,82,87,84,74,80,86,95,81,87,101,96,80,89,88,91,98,95,105,104,111,123,152,117,119,134,116,113,107,115,106,104,94,105,104,109,116,92,126,138,129,130,123,121,123,128,121,117,124,122,126,119,121,119,125,119,121,120,128,134,146,137,128,102,99,94,91,94,98,112,125,126,110,117,121,123,98,105,106,104,119,125,118,106,101,119,107,109,121,115,132,130,113,103,102,87,99,120,108,108,114,103,108,103,109,97,91,87,104,106,100,104,103,104,91,86,80,90,83,80,71,75,81,69,65
73,71,75,72,70,75,78,83,105,103,96,84,95,92,79,87,93,93,94,96,86,124,120,120,125,109,98,107,122,108,98,113,107,95,112,103,105,103,110,116,120,120,109,121,119,105,121,118,104,116,133,120,131,134,117,118,126,129,137,141,132,123,124,136,119,106,98,91,88,93,93,92,98,111,137,116,109,99,114,109,110,123,111,116,115,123,106,107,113,100,97,117,113,129,137,118,110,104,107,117,141,114,100,109,92,92,108,107,97,88,89,87,92,97,105,92,99,102,94,88,81,76,78,78,73,82,67,59
81,79,75,80,73,77,65,86,100,86,89,93,96,92,93,97,104,97,91,99,96,128,119,121,104,100,105,95,117,93,93,101,88,81,117,105,109,104,100,113,113,105,114,124,116,100,107,95,97,125,139,112,106,101,111,115,132,121,130,130,132,125,124,126,120,101,97,91,84,93,90,88,82,96,124,119,117,106,109,111,116,116,114,115,109,116,112,111,108,98,97,100,103,113,121,123,115,94,105,106,123,122,100,100,94,91,101,113,115,102,91,90,94,88,100,92,78,90,92,93,89,78,74,83,82,93,82,75
68,72,77,71,78,75,83,99,81,83,81,83,86,92,106,109,104,104,102,102,95,124,122,108,112,109,100,100,104,92,106,91,96,98,97,94,108,103,108,112,111,91,107,124,104,109,117,96,105,132,119,108,112,98,124,122,122,107,103,113,119,119,128,125,111,96,90,95,85,108,114,101,86,95,106,121,116,106,103,99,99,99,119,119,110,112,118,115,112,105,113,106,107,109,101,117,116,94,102,98,109,114,112,100,107,97,92,106,93,101,92,102,104,91,95,96,93,87,85,91,96,79,65,69,73,78,82,80
63,66,69,75,79,79,104,103,98,99,91,104,94,95,101,102,92,96,82,92,115,134,114,109,113,89,102,108,109,111,105,90,101,102,90,101,111,109,102,100,97,78,104,116,102,120,125,107,116,121,94,96,106,111,128,112,97,99,108,117,113,112,121,96,95,108,97,100,103,120,102,88,92,101,111,117,117,107,98,104,105,103,112,115,122,121,127,109,105,114,123,112,105,110,81,100,114,102,100,98,105,80,108,101,97,103,91,108,100,93,84,92,92,88,91,95,94,103,92,94,102,97,79,66,70,75,71,70
68,78,87,77,74,91,91,89,88,83,95,98,79,94,102,107,97,95,89,112,127,117,97,94,98,81,90,102,102,89,93,83,91,100,105,110,115,113,100,80,87,96,119,116,111,121,135,121,99,92,82,82,92,116,114,109,101,109,102,94,105,106,121,96,108,107,90,105,105,122,92,102,94,90,112,113,128,112,103,108,100,114,117,102,114,131,125,99,91,92,102,97,94,118,101,88,104,108,107,94,113,103,97,97,87,101,91,96,105,101,100,107,101,95,83,88,85,93,88,98,104,90,93,89,75,82,76,68
79,82,79,82,98,92,90,89,83,101,119,111,94,111,104,95,90,96,106,125,109,103,92,90,82,83,103,108,104,100,104,88,98,104,112,95,105,125,95,90,109,97,100,96,106,124,125,116,105,80,84,89,84,107,104,113,103,95,102,106,118,109,118,107,107,107,86,108,100,115,102,115,106,95,112,112,121,103,106,105,96,114,125,112,122,129,124,105,104,103,106,103,90,102,107,100,104,93,106,108,93,93,107,105,106,108,106,100,98,95,92,97,99,98,78,81,77,90,89,83,102,98,81,85,80,86,86,75
76,83,85,93,91,88,91,82,101,112,107,87,79,90,94,96,109,102,125,116,95,90,89,91,85,97,103,93,96,102,112,109,102,106,109,101,120,116,94,104,109,88,90,101,103,123,115,111,125,103,94,96,100,113,111,117,111,105,119,118,131,116,118,107,103,110,96,118,112,96,101,99,102,96,108,124,115,108,110,93,98,106,121,111,118,118,118,103,104,104,97,108,94,80,91,99,94,104,95,105,103,83,93,92,98,94,101,102,86,85,101,98,95,98,87,79,70,83,90,87,84,106,93,89,76,74,84,86
87,86,91,86,80,77,88,90,93,86,86,86,90,93,90,86,103,109,112,80,87,92,93,86,93,112,109,109,117,116,104,104,101,102,105,109,119,108,93,96,90,80,93,110,102,110,116,111,109,84,92,89,90,98,97,105,105,95,103,118,113,102,104,100,104,99,99,104,97,89,102,101,99,92,98,113,110,103,109,107,99,103,106,102,105,117,108,102,94,115,109,99,104,82,98,110,88,94,96,104,118,109,92,67,85,95,100,97,102,82,90,90,93,97,99,96,78,80,72,80,80,88,93,98,93,80,69,67
96,89,86,79,78,79,89,92,91,92,103,91,87,87,86,104,115,110,95,85,94,102,94,87,105,120,105,115,107,103,95,96,109,118,111,100,99,101,95,90,86,89,94,97,105,120,118,109,97,86,101,101,106,104,98,100,105,92,87,121,103,95,101,102,112,99,104,97,89,100,100,92,93,98,91,95,98,112,117,119,114,107,105,103,91,108,101,112,93,98,116,103,106,92,93,95,89,95,96,84,94,109,96,78,88,102,98,89,105,90,92,88,97,95,103,105,84,82,81,84,79,73,81,85,85,94,87,83
94,77,71,64,67,80,82,82,88,87,88,76,87,83,94,111,102,100,97,90,93,94,90,96,113,109,103,101,92,97,103,93,116,118,99,95,110,93,97,90,101,104,104,111,99,104,103,88,88,97,90,92,88,97,96,90,104,107,109,110,101,100,112,103,94,91,116,99,99,95,88,101,98,104,98,89,72,100,109,112,112,93,100,92,97,102,89,109,114,110,113,113,105,91,90,98,92,84,93,95,95,113,104,84,78,104,99,82,93,101,93,86,89,86,88,94,88,75,77,79,80,71,70,78,79,79,75,81
77,65,67,76,81,91,91,89,92,87,95,85,86,85,105,102,97,92,92,89,86,90,91,102,109,104,89,85,94,98,104,105,115,99,91,88,104,104,106,101,98,103,115,116,107,113,104,93,114,111,88,86,83,101,97,98,100,107,114,101,91,100,111,96,98,97,107,92,95,94,95,97,89,101,92,105,85,101,108,108,133,131,115,87,97,99,93,89,99,107,92,93,103,93,88,95,100,87,88,88,94,96,92,99,85,96,106,87,81,96,90,91,78,75,83,77,80,84,81,72,86,75,64,61,73,78,68,75
74,78,91,82,79,89,86,91,83,86,82,79,96,96,102,98,95,88,96,83,86,100,99,99,95,92,93,92,99,105,92,99,96,95,99,89,113,106,102,111,99,113,101,85,100,99,83,105,108,96,98,100,99,103,97,98,94,94,89,90,89,90,98,86,93,103,95,86,87,99,81,83,80,96,102,110,96,99,102,104,118,118,105,98,108,100,93,94,101,116,111,107,112,96,91,98,94,85,89,99,96,101,74,89,84,84,88,78,92,92,89,94,87,82,97,80,70,72,81,70,78,86,84,73,67,69,74,59
72,81,78,76,84,94,89,89,86,96,86,95,94,95,100,94,88,81,81,83,103,104,93,88,88,94,100,89,97,89,92,106,101,99,105,102,104,93,91,100,95,95,89,89,96,94,93,102,93,81,83,92,84,85,91,78,85,99,88,93,102,106,105,95,80,82,84,87,83,99,79,75,87,106,105,103,112,100,93,101,109,120,103,103,104,96,93,96,94,122,104,102,102,99,104,100,90,81,75,85,99,97,69,78,85,96,91,71,79,94,86,89,98,84,104,103,91,76,82,82,83,80,86,84,77,69,64,67
73,79,89,81,85,77,73,86,95,89,82,93,94,99,91,77,83,84,87,92,97,100,93,87,103,90,84,80,86,85,108,120,106,98,111,97,88,98,85,86,93,86,88,92,111,101,86,80,84,86,96,103,90,77,94,94,84,99,80,78,84,94,100,87,81,87,98,104,89,101,82,75,87,98,104,88,102,93,83,84,91,100,99,96,99,98,102,100,100,100,104,100,87,77,91,105,98,84,81,86,93,102,81,85,77,86,98,88,73,90,109,88,98,86,86,96,92,79,88,74,88,89,84,92,91,91,73,66
80,77,86,63,76,72,88,87,77,77,84,103,100,87,84,94,92,88,91,91,88,84,87,87,87,71,83,93,95,97,107,99,94,86,89,79,86,90,85,88,97,85,80,78,101,84,75,76,88,96,102,90,73,71,88,87,87,90,76,84,101,93,109,97,106,97,98,86,83,98,95,76,91,84,105,98,102,95,82,84,93,87,91,96,97,81,86,85,97,103,110,89,95,86,88,94,108,93,87,90,82,86,80,84,92,87,97,95,93,74,95,102,100,98,87,93,95,77,91,73,70,84,84,76,77,90,80,62
73,78,76,65,77,82,78,72,71,91,99,96,74,72,80,72,85,96,83,85,90,99,98,83,81,87,84,87,99,100,93,96,93,80,85,73,81,89,92,90,97,83,84,81,104,97,74,68,97,88,97,89,92,77,85,85,87,74,68,77,98,84,100,96,107,82,93,91,101,99,102,89,83,80,103,92,91,91,82,86,81,72,85,92,94,89,94,91,105,99,95,85,100,92,96,87,104,103,103,96,96,74,94,88,81,86,96,88,94,77,86,94,96,102,94,84,93,76,92,85,69,62,82,83,79,87,94,79
80,68,59,70,91,80,73,72,89,92,94,85,79,79,78,75,99,82,90,109,94,88,85,80,74,84,81,83,108,92,80,89,76,77,86,68,77,85,84,71,93,81,82,78,90,74,64,75,105,85,93,93,100,91,88,99,90,88,90,96,107,89,106,110,114,94,98,94,89,80,78,77,74,89,91,82,89,77,81,94,76,77,85,88,77,80,85,88,99,101,105,84,98,100,99,87,94,88,91,95,104,93,84,89,86,89,91,86,96,93,93,102,90,94,99,83,97,80,87,90,87,78,79,80,86,82,80,77
77,68,83,92,95,64,75,83,96,84,91,85,79,77,70,84,90,88,107,94,78,90,95,75,74,83,84,96,115,81,81,92,84,89,91,77,89,89,85,82,97,86,83,79,79,84,100,88,100,83,85,90,93,82,79,94,75,86,89,77,90,87,96,109,111,94,91,84,90,80,91,89,82,84,91,88,100,97,82,97,75,68,80,89,91,95,94,92,93,83,93,75,82,89,94,91,91,83,73,85,75,88,89,88,88,90,94,81,79,88,81,99,86,78,89,85,93,79,88,87,78,83,80,73,82,90,79,68
64,66,83,82,75,64,76,93,88,86,86,84,71,72,80,98,95,106,94,81,80,93,85,71,80,81,92,100,96,69,82,87,82,81,85,83,78,75,85,83,88,86,87,80,70,82,96,80,86,78,76,88,94,71,84,91,72,73,70,73,84,82,83,104,109,90,87,70,86,79,77,94,109,100,94,91,92,110,90,98,87,77,89,96,89,85,86,83,87,71,73,76,75,81,85,90,95,98,74,74,85,82,89,77,84,76,83,81,79,86,78,85,81,84,77,77,87,78,78,77,71,76,77,69,64,89,90,79
71,71,79,74,71,83,89,100,87,86,87,91,70,83,91,97,86,83,73,74,84,88,83,75,74,91,101,94,81,72,75,78,83,78,86,86,89,81,84,76,90,84,83,64,61,74,73,83,88,83,85,83,84,78,91,75,64,62,68,73,77,85,80,87,87,79,79,74,70,82,66,77,94,95,84,78,82,92,88,106,90,82,90,89,76,84,96,87,82,93,85,83,86,79,77,79,92,108,82,62,73,73,86,81,80,79,77,81,69,75,87,88,82,91,92,88,92,83,87,86,77,79,88,79,76,69,77,84
59,73,78,77,84,84,83,88,74,75,86,74,69,87,91,94,79,85,78,90,87,87,87,79,84,98,82,74,79,80,72,73,84,73,79,84,78,69,84,90,79,76,77,77,65,74,74,96,84,80,79,70,70,78,83,83,79,72,78,77,81,95,70,75,75,82,73,68,63,86,69,68,85,88,88,78,72,89,86,88,78,79,85,75,66,73,101,107,81,83,83,73,75,76,75,72,76,101,96,75,65,71,66,78,90,86,74,77,81,76,89,87,77,78,83,74,86,83,75,82,70,62,79,69,78,77,64,78
62,74,72,78,85,77,81,82,79,89,96,78,84,82,88,93,81,94,86,96,75,87,82,90,86,89,83,82,87,72,68,71,81,87,89,90,74,84,85,83,75,84,71,74,68,86,73,91,75,86,83,66,63,86,70,80,83,73,78,74,68,85,78,65,63,74,70,73,70,82,73,70,78,77,80,81,59,68,83,94,95,84,86,82,69,58,73,90,83,83,85,74,78,68,72,64,73,78,85,88,71,80,62,66,70,85,84,66,68,71,78,94,79,84,82,71,70,84,78,79,74,69,73,79,67,74,64,65
76,78,78,89,85,77,78,81,91,86,91,68,70,74,102,103,79,87,77,78,74,88,87,83,69,76,73,73,77,70,70,77,83,92,89,95,87,91,83,78,71,78,73,74,72,83,70,80,70,68,65,56,57,85,71,65,67,72,66,67,69,73,79,64,61,68,69,75,72,69,72,69,75,75,76,83,69,62,65,71,93,89,76,77,71,62,69,83,83,78,82,83,82,74,87,75,77,81,85,97,82,84,71,77,66,77,88,73,57,66,62,85,71,75,81,81,68,75,87,87,77,78,73,81,83,80,64,57
80,80,83,91,81,76,72,84,87,76,72,59,74,99,106,90,62,80,74,74,78,84,76,66,74,84,85,77,77,77,73,83,86,87,78,80,80,70,72,62,57,70,64,68,72,73,62,68,63,52,62,66,71,75,70,67,77,72,52,64,70,61,65,59,49,63,68,71,73,61,80,76,65,67,71,83,68,61,69,67,77,75,64,65,68,66,65,61,62,68,68,84,83,69,78,83,77,78,75,72,75,80,66,83,72,73,76,74,62,73,64,79,86,72,70,72,76,67,78,84,68,70,76,79,73,83,80,60
78,87,99,92,75,66,81,84,83,71,75,79,95,109,94,78,58,79,86,82,86,78,76,80,77,93,80,55,70,76,71,78,67,64,67,74,78,67,67,60,60,71,74,75,66,59,60,70,54,50,67,75,64,56,62,63,72,57,56,62,63,60,55,56,49,57,63,60,58,53,77,78,56,66,75,64,58,66,68,61,75,73,75,72,70,58,67,68,71,67,66,69,72,66,67,78,84,87,85,87,76,75,64,65,67,78,84,87,61,65,81,85,87,82,78,66,66,70,66,77,73,68,69,75,80,82,85,69
84,95,86,69,62,72,78,79,78,72,86,89,107,92,75,71,71,91,84,66,85,71,73,67,62,74,54,54,74,68,62,58,54,56,66,61,68,64,62,65,72,79,70,72,71,56,57,64,56,60,63,73,62,55,46,58,70,57,71,69,65,55,52,58,56,62,70,63,65,64,72,85,65,68,70,57,57,63,65,70,60,62,77,70,58,50,57,65,77,75,74,69,60,63,73,66,67,82,78,74,79,82,79,74,63,72,78,96,65,47,56,81,76,84,94,86,70,83,75,70,73,65,74,73,71,82,89,72
88,85,71,71,72,82,83,83,74,80,98,96,91,69,72,81,81,90,74,72,75,62,64,63,61,61,62,74,70,61,66,62,66,60,69,71,72,70,65,70,77,79,77,75,57,49,57,57,60,69,63,69,61,61,57,63,65,65,77,70,56,48,55,52,55,57,72,64,56,66,62,79,89,82,61,60,61,60,58,67,55,64,74,76,64,53,47,53,52,61,69,75,58,52,74,64,57,71,72,74,64,66,72,74,64,69,66,86,87,69,63,75,78,67,85,89,58,73,87,76,69,66,70,75,67,71,91,91
